objectname,objectid,rating,baverage,average,avgweight,rank,originalname,minplayers,maxplayers,playingtime,maxplaytime,minplaytime,yearpublished,bggrecplayers,bggbestplayers,bggrecagerange,bgglanguagedependence,imageid,year,language,other,itemtype
6 nimmt!,432,0,6.76346,6.88929,1.2216,570,6 nimmt!,2,10,45,45,45,1994,"4,5,6,7,8,9,10","5,6",8+,No necessary in-game text,,,,,standalone
7 Wonders,68448,0,7.7249,7.81365,2.3426,40,7 Wonders,2,7,30,30,30,2010,"3,4,5,6,7",4,10+,No necessary in-game text,,,,,standalone
7 Wonders Duel,173346,0,8.00983,8.15505,2.2385,9,7 Wonders Duel,2,2,30,30,30,2015,2,2,10+,No necessary in-game text,,,,,standalone
Abalone,526,0,6.23808,6.44459,2.2136,1376,Abalone,2,2,30,30,30,1987,2,2,8+,No necessary in-game text,,,,,standalone
Above and Below,172818,0,7.31528,7.61209,2.5455,145,Above and Below,2,4,90,90,90,2015,"2,3,4",3,10+,Extensive use of text - massive conversion needed to be playable,,,,,standalone
Abraca...what?,163930,0,6.0536,6.61204,1.6852,1867,Abraca...what?,2,5,30,30,20,2014,"3,4,5",4,8+,No necessary in-game text,,,,,standalone
Acquire,5,0,7.2087,7.35672,2.5078,199,Acquire,2,6,90,90,90,1964,"3,4,5,6",4,12+,No necessary in-game text,,,,,standalone
The Adventurers: The Temple of Chac,43868,0,6.37705,6.61287,1.6667,1067,The Adventurers: The Temple of Chac,2,6,45,45,45,2009,"2,3,4,5,6","4,5",8+,No necessary in-game text,,,,,standalone
The Agents,141932,0,5.97725,6.40363,2.369,2127,The Agents,2,5,40,40,20,2013,"2,3,4,5",3,10+,Moderate in-game text - needs crib sheet or paste ups,,,,,standalone
Agents of SMERSH,111105,0,6.39303,7.07204,2.5169,1033,Agents of SMERSH,1,4,90,90,90,2012,"1,2,3,4",3,12+,Extensive use of text - massive conversion needed to be playable,,,,,standalone
Agricola,31260,0,7.9357,8.03379,3.6323,15,Agricola,1,5,150,150,30,2007,"1,2,3,4,5","3,4",12+,Extensive use of text - massive conversion needed to be playable,,,,,standalone
Agricola: Family Edition,205418,0,6.21349,7.36861,2.4762,1421,Agricola: Family Edition,1,4,45,45,45,2016,"1,2,3,4",3,8+,No necessary in-game text,,,,,standalone
Akrotiri,154458,0,6.74212,7.35497,2.6634,587,Akrotiri,2,2,45,45,45,2014,2,2,12+,No necessary in-game text,,,,,standalone
Al Cabohne,980,0,5.71986,5.96311,1.7589,3755,Al Cabohne,1,2,60,60,60,2000,"1,2",2,10+,No necessary in-game text,,,,,standalone
Alchemists,161970,0,7.51556,7.73656,3.8144,76,Alchemists,2,4,120,120,120,2014,"2,3,4",4,12+,Moderate in-game text - needs crib sheet or paste ups,,,,,standalone
Alhambra,6249,0,6.94213,7.03539,2.1166,390,Alhambra,2,6,60,60,45,2003,"2,3,4,5",3,8+,No necessary in-game text,,,,,standalone
Alibi,1417,0,5.45809,5.42758,1.8163,13951,Alibi,3,10,45,45,30,1993,"3,4,5,6",4,8+,No necessary in-game text,,,,,standalone
Alien Artifacts,181293,0,6.09306,7.06069,3,1745,Alien Artifacts,2,5,60,60,60,2017,"2,3","2,3",10+,Extensive use of text - massive conversion needed to be playable,,,,,standalone
Alien Frontiers,48726,0,7.31178,7.48359,2.5703,147,Alien Frontiers,2,4,90,90,90,2010,"2,3,4","3,4",10+,Moderate in-game text - needs crib sheet or paste ups,,,,,standalone
Amun-Re,5404,0,7.12004,7.35629,3.0733,255,Amun-Re,3,5,90,90,90,2003,"4,5",5,12+,No necessary in-game text,,,,,standalone
Android,39339,0,6.42779,6.73561,3.9516,983,Android,3,5,180,180,180,2008,"2,3,4",3,14+,Extensive use of text - massive conversion needed to be playable,,,,,standalone
Android: Netrunner,124742,0,7.76613,7.94459,3.3541,34,Android: Netrunner,2,2,45,45,45,2012,2,2,12+,Extensive use of text - massive conversion needed to be playable,,,,,standalone
Apples to Apples,74,0,5.80766,5.90988,1.1661,3025,Apples to Apples,4,10,30,30,30,1999,"4,5,6,7,8,9,10","6,7,8",10+,Extensive use of text - massive conversion needed to be playable,,,,,standalone
AquaSphere,159508,0,7.00333,7.34558,3.694,336,AquaSphere,2,4,100,100,100,2014,"2,3,4",4,12+,No necessary in-game text,,,,,standalone
Archer: Once You Go Blackmail...,198522,0,6.03462,7.20566,1.2308,1929,Archer: Once You Go Blackmail...,2,4,30,30,20,2016,"3,4",4,12+,Some necessary text - easily memorized or small crib sheet,,,,,standalone
Arkham Horror,15987,0,7.15855,7.32582,3.5505,228,Arkham Horror,1,8,360,360,120,2005,"1,2,3,4,5,6",4,14+,Extensive use of text - massive conversion needed to be playable,,,,,standalone
Arkham Horror: The Card Game,205637,0,7.89836,8.2935,3.1756,18,Arkham Horror: The Card Game,1,2,120,120,60,2016,"1,2",2,14+,Extensive use of text - massive conversion needed to be playable,,,,,standalone
Asante,136056,0,6.27698,6.97739,2.0167,1283,Asante,2,2,40,40,40,2013,2,2,10+,Moderate in-game text - needs crib sheet or paste ups,,,,,standalone
Assault of the Giants,201455,0,5.78711,7.05266,3.6667,3189,Assault of the Giants,3,6,60,0,60,2017,"3,4,5,6","4,5",12+,,,,,,standalone
Automania,176544,0,6.59526,7.40657,2.75,739,Automania,2,4,90,90,60,2015,"2,3,4",4,12+,No necessary in-game text,,,,,standalone
Azul,230802,0,7.39651,7.96173,1.9029,111,Azul,2,4,45,45,30,2017,"2,3,4",2,8+,No necessary in-game text,,,,,standalone
B-Sieged: Darkness & Fury,177414,0,5.63013,7.14961,3,0,B-Sieged: Darkness & Fury,1,6,90,90,60,2016,,,,,,,,,expansion
B-Sieged: Sons of the Abyss,164865,0,5.88776,6.74126,2.9048,2558,B-Sieged: Sons of the Abyss,1,6,90,90,60,2016,"2,3,4,5",4,12+,Some necessary text - easily memorized or small crib sheet,,,,,standalone
Backwords,9475,0,5.46224,4.87424,1.4,13850,Backwords,3,8,45,45,45,1988,,,,,,,,,standalone
Backyard Builders Treehouse,158742,0,5.68614,5.86731,1.0685,4159,Backyard Builders Treehouse,2,5,10,10,5,2014,"3,4,5","3,4",6+,No necessary in-game text,,,,,standalone
Backyard Builders Treehouse,158742,0,5.68614,5.86731,1.0685,4159,Backyard Builders Treehouse,2,5,10,10,5,2014,"3,4,5","3,4",6+,No necessary in-game text,,,,,standalone
Bad Beets,175458,0,5.54673,5.87973,1.3636,8428,Bad Beets,2,5,15,15,15,2015,"2,3,4,5",3,,Some necessary text - easily memorized or small crib sheet,,,,,standalone
Balderdash,163,0,6.18887,6.41389,1.4186,1487,Balderdash,2,6,60,60,60,1984,"4,5,6","5,6",12+,Unplayable in another language,,,,,standalone
Bananagrams,27225,0,6.17389,6.34547,1.373,1525,Bananagrams,1,8,15,15,15,2006,"2,3,4,5,6","3,4,5",8+,No necessary in-game text,,,,,standalone
BANG!,3955,0,6.41535,6.54357,1.6381,1005,BANG!,4,7,40,40,20,2002,"5,6,7",7,10+,Some necessary text - easily memorized or small crib sheet,,,,,standalone
BANG! The Dice Game,143741,0,6.87734,7.02334,1.2875,459,BANG! The Dice Game,3,8,15,15,15,2013,"5,6,7,8","6,7",8+,Some necessary text - easily memorized or small crib sheet,,,,,standalone
Battle Sheep,54137,0,6.31214,6.72575,1.5109,1203,Battle Sheep,2,4,15,15,15,2010,"2,3,4",4,6+,No necessary in-game text,,,,,standalone
Battlefold,229244,0,5.5514,6.74508,2,8124,Battlefold,2,4,35,35,25,2017,"3,4",4,8+,No necessary in-game text,,,,,standalone
Battleground Fantasy Warfare: Dwarves of Runegard,49394,0,5.57841,7.62093,2,6683,Battleground Fantasy Warfare: Dwarves of Runegard,2,2,60,60,60,2006,,,,,,,,,standalone
Battleground Fantasy Warfare: Monsters & Mercenaries,49050,0,5.5655,7.34762,2.6667,7317,Battleground Fantasy Warfare: Monsters & Mercenaries,2,2,60,60,60,2008,2,2,,Moderate in-game text - needs crib sheet or paste ups,,,,,standalone
Battlestar Galactica: The Board Game,37111,0,7.61943,7.75994,3.2296,57,Battlestar Galactica: The Board Game,3,6,300,300,120,2008,"4,5,6",5,14+,Extensive use of text - massive conversion needed to be playable,,,,,standalone
Bausack,1231,0,6.54419,6.87583,1.3042,804,Bausack,2,8,45,45,15,1987,"2,3,4,5,6,7",4,6+,No necessary in-game text,,,,,standalone
Betrayal at Baldur's Gate,228660,0,6.05359,7.31199,2.4545,1868,Betrayal at Baldur's Gate,3,6,60,60,60,2017,"4,5,6","5,6",12+,Extensive use of text - massive conversion needed to be playable,,,,,standalone
Betrayal at House on the Hill,10547,0,6.93022,7.11742,2.365,408,Betrayal at House on the Hill,3,6,60,60,60,2004,"3,4,5,6","5,6",12+,Extensive use of text - massive conversion needed to be playable,,,,,standalone
Betrayal at House on the Hill: Widow's Walk,198452,0,6.69008,7.62693,2.4167,0,Betrayal at House on the Hill: Widow's Walk,3,6,60,0,60,2016,"3,4,5,6","4,5,6",12+,Extensive use of text - massive conversion needed to be playable,,,,,expansion
Between Two Cities,168435,0,6.8511,7.10116,1.8086,479,Between Two Cities,1,7,20,20,20,2015,"3,4,5,6,7","5,6",8+,No necessary in-game text,,,,,standalone
BIOTIX,218028,0,5.56969,6.45813,1,7110,BIOTIX,2,5,40,40,30,2017,"3,4,5",,8+,,,,,,standalone
Blokus,2453,0,6.81745,6.92684,1.788,512,Blokus,2,4,20,20,20,2000,"2,4",4,6+,No necessary in-game text,,,,,standalone
Blood Bowl: Team Manager ?€? The Card Game,90137,0,7.15096,7.38375,2.331,235,Blood Bowl: Team Manager ?€? The Card Game,2,4,90,90,90,2011,"2,3,4",4,12+,Extensive use of text - massive conversion needed to be playable,,,,,standalone
Blue Marble,10506,0,5.45204,4.71129,1.375,14109,Blue Marble,2,4,90,90,90,1982,"2,3,4",,6?€?16,Some necessary text - easily memorized or small crib sheet,,,,,standalone
Bob Ross: Art of Chill Game,231696,0,5.89997,7.28768,1.8,2504,Bob Ross: Art of Chill Game,2,4,30,30,30,2017,"2,3,4",3,8+,Moderate in-game text - needs crib sheet or paste ups,,,,,standalone
La Boca,136280,0,6.41789,7.02749,1.4304,999,La Boca,3,6,40,40,40,2013,"3,4,5,6",4,6+,No necessary in-game text,,,,,standalone
Bohnanza,11,0,6.96917,7.05949,1.6773,365,Bohnanza,2,7,45,45,45,1997,"3,4,5,6,7",5,8+,No necessary in-game text,,,,,standalone
Boss Monster 2: The Next Level,174973,0,6.25506,6.85069,1.7547,1336,Boss Monster 2: The Next Level,2,4,30,30,20,2015,"2,3,4",2,8+,Moderate in-game text - needs crib sheet or paste ups,,,,,standalone
Boss Monster: The Dungeon Building Card Game,131835,0,6.16749,6.33903,1.8043,1542,Boss Monster: The Dungeon Building Card Game,2,4,20,20,20,2013,"2,3,4",4,8+,Moderate in-game text - needs crib sheet or paste ups,,,,,standalone
Bounce-Off,166633,0,5.56998,5.84048,1.4545,7088,Bounce-Off,2,4,15,0,15,2013,"2,4",2,8+,No necessary in-game text,,,,,standalone
Broom Service,172308,0,6.93266,7.26466,2.4034,406,Broom Service,2,5,75,75,30,2015,"2,3,4,5",4,10+,Some necessary text - easily memorized or small crib sheet,,,,,standalone
Bruxelles 1893,144592,0,7.12666,7.65363,3.5847,247,Bruxelles 1893,2,5,125,125,50,2013,"2,3,4,5",4,14+,No necessary in-game text,,,,,standalone
Ca$h 'n Gun$,19237,0,6.50692,6.64151,1.2773,861,Ca$h 'n Gun$,4,6,30,30,30,2005,"4,5,6",6,10+,No necessary in-game text,,,,,standalone
Camel Up,153938,0,6.95748,7.09833,1.4868,378,Camel Up,2,8,30,30,20,2014,"3,4,5,6,7,8","4,5",8+,No necessary in-game text,,,,,standalone
Camel Up: Supercup,172380,0,6.53493,7.41127,1.6667,0,Camel Up: Supercup,2,10,45,45,30,2015,"3,4,5,6,7,8","5,6",8+,No necessary in-game text,,,,,expansion
Cannon Buster,218610,0,0,6.76,1.8571,0,Cannon Buster,2,4,30,30,30,2017,"3,4","3,4",8+,No necessary in-game text,,,,,standalone
Captain Sonar,171131,0,7.43914,7.75164,2.072,94,Captain Sonar,2,8,60,60,45,2016,"4,6,7,8",8,12+,No necessary in-game text,,,,,standalone
Carcassonne,822,0,7.33025,7.43305,1.9335,137,Carcassonne,2,5,45,45,30,2000,"2,3,4,5",2,8+,No necessary in-game text,,,,,standalone
Carcassonne Big Box,142057,0,6.25955,7.59597,2.3103,0,Carcassonne Big Box,2,5,45,45,45,2006,"2,3,4,5","2,3",8,,,,,,standalone
Carcassonne: South Seas,147303,0,6.60627,7.15958,1.8403,729,Carcassonne: South Seas,2,5,35,35,35,2013,"2,3,4","2,3",8+,No necessary in-game text,,,,,standalone
The Castles of Burgundy,84876,0,7.99867,8.11486,3.0278,11,The Castles of Burgundy,2,4,90,90,30,2011,"2,3,4",2,12+,No necessary in-game text,,,,,standalone
Catan,13,0,7.08984,7.23625,2.3537,272,Catan,3,4,120,120,60,1995,"3,4",4,8+,Some necessary text - easily memorized or small crib sheet,,,,,standalone
Catan: Junior,125921,0,6.20849,6.72946,1.5281,1431,Catan: Junior,2,4,30,30,30,2012,"2,3,4",4,5+,No necessary in-game text,,,,,standalone
Cave Troll,4491,0,6.16409,6.41225,1.9511,1552,Cave Troll,2,4,45,45,45,2002,"2,3,4",4,8+,Some necessary text - easily memorized or small crib sheet,,,,,standalone
Caverna: The Cave Farmers,102794,0,7.97116,8.14066,3.7872,13,Caverna: The Cave Farmers,1,7,210,210,30,2013,"1,2,3,4,5",4,12+,Moderate in-game text - needs crib sheet or paste ups,,,,,standalone
Celestia,175117,0,6.75372,7.10162,1.3937,577,Celestia,2,6,30,30,30,2015,"3,4,5,6","5,6",6+,No necessary in-game text,,,,,standalone
Century: Golem Edition,232832,0,6.34586,7.84881,1.5333,1124,Century: Golem Edition,2,5,45,45,30,2017,"2,3,4,5",3,8+,No necessary in-game text,,,,,standalone
Century: Spice Road,209685,0,7.1485,7.47685,1.7661,236,Century: Spice Road,2,5,45,45,30,2017,"2,3,4,5","3,4",8+,No necessary in-game text,,,,,standalone
Chess,171,0,6.9241,7.08948,3.7512,412,Chess,2,2,60,60,60,1475,2,2,6+,No necessary in-game text,,,,,standalone
Chez Cthulhu,56342,0,5.58823,5.94956,1.5238,6287,Chez Cthulhu,2,5,60,60,45,2010,"2,3,4,5","3,4,5",10+,Moderate in-game text - needs crib sheet or paste ups,,,,,standalone
Chicken Cha Cha Cha,3570,0,6.25295,6.62473,1.1111,1346,Chicken Cha Cha Cha,2,4,20,20,20,1997,"2,3,4",4,3?€?10,No necessary in-game text,,,,,standalone
Chicken Drop,196533,0,0,3,0,0,Chicken Drop,2,4,15,15,10,0,,,,,,,,,standalone
Chinatown,47,0,6.97688,7.2392,2.2957,359,Chinatown,3,5,60,60,60,1999,"4,5",5,10+,No necessary in-game text,,,,,standalone
Chos??n,161943,0,5.79046,6.75169,2.125,3166,Chos??n,2,4,15,15,15,2014,"2,3,4","3,4",,No necessary in-game text,,,,,standalone
"Ciao, Ciao...",1163,0,5.6276,5.9797,1.0833,5195,"Ciao, Ciao...",2,4,30,30,30,1997,"3,4",4,6+,No necessary in-game text,,,,,standalone
Citadels,478,0,7.0355,7.12766,2.0604,313,Citadels,2,8,60,60,20,2000,"2,3,4,5,6,7",5,10+,Moderate in-game text - needs crib sheet or paste ups,,,,,standalone
Cities of Splendor,220653,0,6.2165,7.56094,2.4,0,Cities of Splendor,2,4,30,30,30,2017,"2,3,4",3,3+,,,,,,expansion
City of Remnants,133528,0,6.16482,6.87836,3.0923,1550,City of Remnants,2,4,90,90,90,2013,"2,3,4",4,12+,Extensive use of text - massive conversion needed to be playable,,,,,standalone
Clank! In! Space!,233371,0,6.89507,8.07394,2.75,441,Clank! In! Space!,2,4,60,60,60,2017,"2,3,4",3,10+,Moderate in-game text - needs crib sheet or paste ups,,,,,standalone
Clank!: A Deck-Building Adventure,201808,0,7.63772,7.94741,2.2353,54,Clank!: A Deck-Building Adventure,1,4,60,60,30,2016,"2,3,4",3,8+,Moderate in-game text - needs crib sheet or paste ups,,,,,standalone
The Climbers,34297,0,6.28887,6.90307,1.8795,1254,The Climbers,2,5,45,45,45,2008,"2,3,4,5",4,8+,No necessary in-game text,,,,,standalone
Clue,1294,0,5.55975,5.64966,1.6745,7622,Clue,3,6,45,45,45,1949,"3,4,5,6","4,5",8+,Some necessary text - easily memorized or small crib sheet,,,,,standalone
CLUE: The Big Bang Theory,145578,0,5.51916,5.80431,1.75,10627,CLUE: The Big Bang Theory,2,6,45,45,45,2013,"3,4,5,6","5,6",8+,Moderate in-game text - needs crib sheet or paste ups,,,,,standalone
Cockroach Poker,11971,0,6.28937,6.50404,1.1289,1249,Cockroach Poker,2,6,20,20,20,2004,"3,4,5,6","4,5",6+,No necessary in-game text,,,,,standalone
Coconuts,145639,0,6.59686,7.09295,1.0508,737,Coconuts,2,4,20,20,20,2013,"2,3,4",4,5+,No necessary in-game text,,,,,standalone
Coda,8946,0,5.83853,6.08719,1.4913,2833,Coda,2,4,15,15,15,2002,"2,3,4",4,8+,No necessary in-game text,,,,,standalone
Codenames,178900,0,7.72844,7.82568,1.3474,37,Codenames,2,8,15,15,15,2015,"4,5,6,7,8","6,8",10+,Unplayable in another language,,,,,standalone
Codenames Duet,224037,0,7.23339,7.95132,1.4688,179,Codenames Duet,2,4,30,30,15,2017,"2,4",2,12+,Unplayable in another language,,,,,standalone
Colosseum,27746,0,6.99308,7.22631,2.7543,345,Colosseum,3,5,90,90,60,2007,"3,4,5",5,10+,No necessary in-game text,,,,,standalone
Colt Express,158899,0,7.06101,7.20486,1.8076,294,Colt Express,2,6,40,40,30,2014,"3,4,5,6","5,6",8+,No necessary in-game text,,,,,standalone
Commands & Colors: Ancients,14105,0,7.46861,7.78683,2.6954,89,Commands & Colors: Ancients,2,2,60,60,60,2006,2,2,12+,Moderate in-game text - needs crib sheet or paste ups,,,,,standalone
Conan,160010,0,7.00008,7.94627,2.8,341,Conan,2,5,90,90,90,2016,"2,3,4,5",4,12+,Some necessary text - easily memorized or small crib sheet,,,,,standalone
Concept,147151,0,6.77879,6.94172,1.4359,548,Concept,4,12,40,40,40,2013,"2,3,4,5,6,7,8,9,10,11,12","6,8",10+,Extensive use of text - massive conversion needed to be playable,,,,,standalone
Cosmic Encounter,39463,0,7.43697,7.58723,2.5535,96,Cosmic Encounter,3,5,120,120,60,2008,"4,5",5,12+,Extensive use of text - massive conversion needed to be playable,,,,,standalone
Cottage Garden,204027,0,6.68826,7.08104,1.8413,628,Cottage Garden,1,4,60,60,45,2016,"1,2,3,4",3,8+,No necessary in-game text,,,,,standalone
Coup,131357,0,6.97436,7.08847,1.4342,361,Coup,2,6,15,15,15,2012,"3,4,5,6",5,10+,Some necessary text - easily memorized or small crib sheet,,,,,standalone
Coup: Rebellion G54,148943,0,6.49463,7.14282,1.931,881,Coup: Rebellion G54,3,6,15,15,15,2014,"3,4,5,6","5,6",12+,Some necessary text - easily memorized or small crib sheet,,,,,standalone
Coup: Reformation,148931,0,6.87273,7.34665,1.5636,0,Coup: Reformation,2,10,15,15,15,2013,"4,5,6,7,8,9,10",,12+,Some necessary text - easily memorized or small crib sheet,,,,,expansion
Coven,121295,0,5.52609,5.86786,3.3333,10023,Coven,3,5,60,60,60,2015,"3,4,5","4,5",,,,,,,standalone
Coven: The Village,185173,0,0,6.51579,2,0,Coven: The Village,3,5,60,60,30,2015,,,,,,,,,expansion
Crossing,172971,0,5.89462,6.62684,1.0909,2523,Crossing,3,6,15,0,15,2013,"4,5,6",5,6+,No necessary in-game text,,,,,standalone
Custom Heroes,223049,0,5.97778,6.93577,1.375,2124,Custom Heroes,2,6,45,45,45,2017,"3,4,5,6",4,8+,Moderate in-game text - needs crib sheet or paste ups,,,,,standalone
Cutthroat Caverns,28259,0,6.35576,6.59819,2.0683,1102,Cutthroat Caverns,3,6,90,90,90,2007,"3,4,5,6","5,6",10+,Moderate in-game text - needs crib sheet or paste ups,,,,,standalone
Cutthroat Kingdoms,215213,0,5.59407,7.50561,2.75,6092,Cutthroat Kingdoms,3,6,150,150,90,2017,"4,5,6",4,,,,,,,standalone
Dark Horse,98443,0,5.74905,6.7846,2.6667,3472,Dark Horse,1,4,90,90,90,2012,"2,3,4",4,10+,Moderate in-game text - needs crib sheet or paste ups,,,,,standalone
Dead Last,184522,0,6.03256,6.59451,1.1111,1937,Dead Last,6,12,90,90,10,2016,"6,7,8,9,10,11,12","8,9,10",10+,No necessary in-game text,,,,,standalone
Dead of Winter: A Crossroads Game,150376,0,7.63511,7.7788,3.0018,55,Dead of Winter: A Crossroads Game,2,5,210,210,45,2014,"3,4,5",4,12+,Extensive use of text - massive conversion needed to be playable,,,,,standalone
Dead of Winter: The Long Night,193037,0,7.32476,7.93961,3.4516,139,Dead of Winter: The Long Night,2,5,120,120,60,2016,"3,4,5",4,14+,Extensive use of text - massive conversion needed to be playable,,,,,standalone
Dead of Winter: Warring Colonies,206094,0,5.62438,7.53763,3,0,Dead of Winter: Warring Colonies,4,11,120,120,45,2017,"6,7","6,7",,,,,,,expansion
Dead Panic,133437,0,5.74214,6.08346,2.2683,3541,Dead Panic,2,6,90,90,90,2013,"2,3,4,5",,10+,Moderate in-game text - needs crib sheet or paste ups,,,,,standalone
Deadline,145601,0,5.72043,6.87155,2.3333,3749,Deadline,2,4,60,60,60,2017,"1,2,3,4",,14+,Extensive use of text - massive conversion needed to be playable,,,,,standalone
Deception: Murder in Hong Kong,156129,0,7.25708,7.55157,1.6209,165,Deception: Murder in Hong Kong,4,12,20,20,20,2014,"5,6,7,8,9,10,11,12","7,8",12+,Moderate in-game text - needs crib sheet or paste ups,,,,,standalone
Deep Sea Adventure,169654,0,6.78413,7.15015,1.218,540,Deep Sea Adventure,2,6,30,30,30,2014,"3,4,5,6",4,8+,No necessary in-game text,,,,,standalone
Defenders of the Realm,65532,0,6.98614,7.36359,2.7152,350,Defenders of the Realm,1,4,90,90,90,2010,"1,2,3,4",4,10+,Moderate in-game text - needs crib sheet or paste ups,,,,,standalone
Descent: Journeys in the Dark (Second Edition),104162,0,7.54244,7.77094,3.2077,70,Descent: Journeys in the Dark (Second Edition),2,5,120,120,120,2012,"2,3,4,5",5,12+,Extensive use of text - massive conversion needed to be playable,,,,,standalone
Dino Hunt Dice,125368,0,5.58104,5.85167,1.0357,6575,Dino Hunt Dice,2,8,10,10,10,2012,"2,3,4,5","3,4",5+,No necessary in-game text,,,,,standalone
Dixit,39856,0,7.23609,7.33389,1.2531,177,Dixit,3,6,30,30,30,2008,"4,5,6","5,6",8+,No necessary in-game text,,,,,standalone
Dixit Jinx,119407,0,5.64057,5.79758,1.2143,4914,Dixit Jinx,3,6,15,15,15,2012,"3,4,5,6",5,8+,No necessary in-game text,,,,,standalone
Doggie Doo,84730,0,5.39622,4.70265,1,14627,Doggie Doo,2,4,20,20,20,2010,"2,3,4",4,3?€?12,No necessary in-game text,,,,,standalone
Dogs of War,158435,0,6.68615,7.56462,2.6719,630,Dogs of War,3,5,75,75,75,2014,"4,5",5,14+,Some necessary text - easily memorized or small crib sheet,,,,,standalone
the DOME,174403,0,0,6.63333,3,0,the DOME,2,4,60,60,30,2015,"2,3,4","3,4",10?€?12,,,,,,standalone
Dominion,36218,0,7.58142,7.67683,2.3716,62,Dominion,2,4,30,30,30,2008,"2,3,4",3,10+,Moderate in-game text - needs crib sheet or paste ups,,,,,standalone
Dominion: Seaside,51811,0,7.82762,8.06543,2.4967,0,Dominion: Seaside,2,4,30,30,30,2009,"2,3,4",3,10+,Moderate in-game text - needs crib sheet or paste ups,,,,,expansion
Doomtown: Reloaded,156714,0,6.55488,7.2986,3.5043,789,Doomtown: Reloaded,2,4,30,30,30,2014,"2,3,4",2,14+,Extensive use of text - massive conversion needed to be playable,,,,,standalone
Double Shutter,34943,0,5.53412,5.88156,1,9373,Double Shutter,1,4,15,15,15,2007,"2,3,4","2,3",5+,,,,,,standalone
Dragon Slayer,158243,0,5.57698,5.66659,1.0814,6738,Dragon Slayer,2,5,15,15,15,2014,"2,3,4,5",3,6+,No necessary in-game text,,,,,standalone
Dragonfire,226501,0,6.13754,7.78317,3.2308,1615,Dragonfire,2,6,90,90,60,2017,"3,4,5",4,14+,Extensive use of text - massive conversion needed to be playable,,,,,standalone
The Dresden Files Cooperative Card Game,187273,0,6.1849,7.22774,2.1739,1498,The Dresden Files Cooperative Card Game,1,5,30,30,30,2017,"1,2,3,4,5","3,4",10+,Extensive use of text - massive conversion needed to be playable,,,,,standalone
The Duke,36235,0,6.96028,7.51971,2.5455,374,The Duke,2,2,30,30,30,2013,2,2,12+,No necessary in-game text,,,,,standalone
Dungeon Fighter,102548,0,6.5818,6.87736,1.7489,756,Dungeon Fighter,1,6,45,45,45,2011,"2,3,4,5,6","3,4",8+,No necessary in-game text,,,,,standalone
Dungeon Fighter: Fire at Will,144386,0,5.914,7.36643,2,0,Dungeon Fighter: Fire at Will,1,6,60,60,45,2013,"1,2,3,4,5,6",3,,Moderate in-game text - needs crib sheet or paste ups,,,,,expansion
Dungeon Fighter: Rock and Roll,176636,0,5.78388,7.56333,1.7778,0,Dungeon Fighter: Rock and Roll,1,6,60,60,45,2015,,,,,,,,,expansion
Dungeon Fighter: Stormy Winds,163169,0,5.83437,7.5665,1.8889,0,Dungeon Fighter: Stormy Winds,1,6,60,60,45,2014,,,,,,,,,expansion
Dungeon Fighter: The Big Wave,149744,0,5.86099,7.5019,2.0714,0,Dungeon Fighter: The Big Wave,1,6,60,60,45,2014,"1,2,3,4,5",3,,Some necessary text - easily memorized or small crib sheet,,,,,expansion
Dungeon Raiders,80771,0,6.12769,6.69189,1.3902,1645,Dungeon Raiders,3,5,60,60,20,2011,"3,4,5",5,8+,Some necessary text - easily memorized or small crib sheet,,,,,standalone
Dungeon Twister,12995,0,6.58703,6.84657,2.8808,747,Dungeon Twister,2,2,60,60,60,2004,2,2,12+,Some necessary text - easily memorized or small crib sheet,,,,,standalone
Dungeons & Dragons: Temple of Elemental Evil Board Game,172220,0,6.45031,7.47174,2.4915,950,Dungeons & Dragons: Temple of Elemental Evil Board Game,1,5,60,60,60,2015,"1,2,3,4,5",3,8+,Extensive use of text - massive conversion needed to be playable,,,,,standalone
Dungeons & Dragons: The Legend of Drizzt Board Game,91872,0,6.88069,7.3109,2.624,455,Dungeons & Dragons: The Legend of Drizzt Board Game,1,5,60,60,60,2011,"1,2,3,4,5","3,4",10+,Moderate in-game text - needs crib sheet or paste ups,,,,,standalone
Dungeons & Dragons: Tomb of Annihilation Board Game,228668,0,5.73148,8.20113,2.6667,3649,Dungeons & Dragons: Tomb of Annihilation Board Game,1,5,60,60,60,2017,"1,2,3,4",2,10+,Unplayable in another language,,,,,standalone
Eldritch Horror,146021,0,7.69033,7.91953,3.3107,44,Eldritch Horror,1,8,240,240,120,2013,"1,2,3,4,5,6",4,14+,Extensive use of text - massive conversion needed to be playable,,,,,standalone
Eminent Domain,68425,0,6.92107,7.12002,2.503,417,Eminent Domain,2,4,45,45,45,2011,"2,3,4",3,10+,Moderate in-game text - needs crib sheet or paste ups,,,,,standalone
Eminent Domain: Battlecruisers,163641,0,5.80785,6.53635,2,3024,Eminent Domain: Battlecruisers,3,5,30,30,20,2016,"3,4,5",5,10+,,,,,,standalone
Eminent Domain: Exotica,163639,0,5.82889,7.69558,2.4,0,Eminent Domain: Exotica,2,5,45,45,45,2016,"3,4",,10+,Moderate in-game text - needs crib sheet or paste ups,,,,,expansion
Eminent Domain: Microcosm,163640,0,6.06924,6.56919,1.9016,1815,Eminent Domain: Microcosm,2,2,15,15,15,2014,2,2,,Some necessary text - easily memorized or small crib sheet,,,,,standalone
Empires at Sea,178349,0,5.58019,6.87865,2.6364,6609,Empires at Sea,2,5,130,130,60,2016,"2,3,4,5",3,10+,Some necessary text - easily memorized or small crib sheet,,,,,standalone
Entdecker,200,0,6.03264,6.48138,2.2339,1936,Entdecker,2,4,60,60,60,1996,"2,3,4","3,4",10+,No necessary in-game text,,,,,standalone
Epic Spell Wars of the Battle Wizards: Duel at Mt. Skullzfyre,112686,0,6.30361,6.62607,1.6,1225,Epic Spell Wars of the Battle Wizards: Duel at Mt. Skullzfyre,2,6,30,30,30,2012,"3,4,5",4,14+,Moderate in-game text - needs crib sheet or paste ups,,,,,standalone
Epic Spell Wars of the Battle Wizards: Melee at Murdershroom Marsh,221366,0,0,7.67308,1,0,Epic Spell Wars of the Battle Wizards: Melee at Murdershroom Marsh,2,6,30,30,30,2017,"3,4,5",,,,,,,,standalone
Escape from the Aliens in Outer Space,82168,0,6.45428,6.94204,1.8356,942,Escape from the Aliens in Outer Space,2,8,45,45,30,2010,"4,5,6,7,8","6,8",14+,No necessary in-game text,,,,,standalone
Escape the Room: Mystery at the Stargazer's Manor,193560,0,6.06146,6.69896,1.5417,1842,Escape the Room: Mystery at the Stargazer's Manor,3,8,90,90,90,2016,"1,2,3,4","2,3",8+,Extensive use of text - massive conversion needed to be playable,,,,,standalone
Escape: Zombie City,149809,0,6.10766,6.93061,1.7241,1710,Escape: Zombie City,2,4,15,15,15,2014,"2,3,4",4,10+,No necessary in-game text,,,,,standalone
Ethnos,206718,0,7.07386,7.60444,2.0625,284,Ethnos,2,6,60,60,45,2017,"2,3,4,5,6",4,10+,Some necessary text - easily memorized or small crib sheet,,,,,standalone
Exodus: Proxima Centauri,122842,0,6.44556,7.24864,3.5789,961,Exodus: Proxima Centauri,2,6,180,180,180,2012,"2,3,4,5,6",6,14+,Some necessary text - easily memorized or small crib sheet,,,,,standalone
Exploding Kittens,172225,0,5.69937,5.88148,1.071,3987,Exploding Kittens,2,5,15,15,15,2015,"3,4,5","4,5",8+,Some necessary text - easily memorized or small crib sheet,,,,,standalone
Fairytale Gloom,172062,0,5.75966,6.64489,1.625,3396,Fairytale Gloom,2,5,60,60,30,2015,"2,3,4,5","3,4",10+,Extensive use of text - massive conversion needed to be playable,,,,,standalone
Fallout,232918,0,6.32776,7.64866,3.0426,1163,Fallout,1,4,180,180,120,2017,"1,2,3","1,2",12+,Unplayable in another language,,,,,standalone
Fantastiqa,125046,0,6.2433,7.08481,2.3889,1365,Fantastiqa,2,4,60,60,45,2012,"2,3,4","2,3",8+,Moderate in-game text - needs crib sheet or paste ups,,,,,standalone
Fastrack,41762,0,5.77256,6.46356,1,3307,Fastrack,2,2,10,10,10,2008,2,2,4+,No necessary in-game text,,,,,standalone
First Martians: Adventures on the Red Planet,192455,0,6.23739,7.03358,4.1087,1377,First Martians: Adventures on the Red Planet,1,4,90,90,60,2017,"1,2,3,4",1,14+,Unplayable in another language,,,,,standalone
Five Tribes,157354,0,7.66263,7.80651,2.8966,48,Five Tribes,2,4,80,80,40,2014,"2,3,4",,12+,No necessary in-game text,,,,,standalone
Flick 'em Up!,169124,0,6.82161,7.11828,1.3423,506,Flick 'em Up!,2,10,45,45,30,2015,"2,3,4,5,6",4,8+,No necessary in-game text,,,,,standalone
Flick 'em Up!: Dead of Winter,207016,0,5.81227,7.20992,2.25,3003,Flick 'em Up!: Dead of Winter,1,10,45,45,30,2017,"2,3,4,5,6,7,8",2,8+,No necessary in-game text,,,,,standalone
FlowerFall,125315,0,5.72426,6.05971,1.0465,3711,FlowerFall,2,7,10,10,10,2012,"2,3,4,5,6",4,6+,No necessary in-game text,,,,,standalone
For Sale,172,0,7.11094,7.21927,1.2843,261,For Sale,3,6,30,30,30,1997,"3,4,5,6",5,8+,No necessary in-game text,,,,,standalone
Forbidden Desert,136063,0,7.1124,7.24759,2.0364,259,Forbidden Desert,2,5,45,45,45,2013,"1,2,3,4,5",4,8+,Some necessary text - easily memorized or small crib sheet,,,,,standalone
Forbidden Island,65244,0,6.75372,6.84075,1.7365,576,Forbidden Island,2,4,30,30,30,2010,"1,2,3,4",4,8+,Some necessary text - easily memorized or small crib sheet,,,,,standalone
Formula D,37904,0,6.90923,7.05225,1.9971,424,Formula D,2,10,60,60,60,2008,"3,4,5,6,7,8,9,10","5,6,7,8",8+,No necessary in-game text,,,,,standalone
Fury of Dracula (third edition),181279,0,7.29706,7.65539,3.183,154,Fury of Dracula (third edition),2,5,180,180,120,2015,"2,3,4,5","3,5",12+,Extensive use of text - massive conversion needed to be playable,,,,,standalone
Galaxy Trucker,31481,0,7.35629,7.46219,2.3203,123,Galaxy Trucker,2,4,60,60,60,2007,"2,3,4",4,10+,Some necessary text - easily memorized or small crib sheet,,,,,standalone
The Game of Life,2921,0,4.21513,4.17149,1.1885,14947,The Game of Life,2,6,60,60,60,1960,"2,3,4,5,6",4,6?€?12,Moderate in-game text - needs crib sheet or paste ups,,,,,standalone
A Game of Thrones: The Board Game (Second Edition),103343,0,7.51224,7.70883,3.6627,78,A Game of Thrones: The Board Game (Second Edition),3,6,240,240,120,2011,"4,5,6",6,14+,Some necessary text - easily memorized or small crib sheet,,,,,standalone
Gemblo,19427,0,6.20013,6.84508,1.8984,1457,Gemblo,2,6,30,30,30,2005,"2,3,4,6","4,6",8+,No necessary in-game text,,,,,standalone
GembloQ,162012,0,0,6.38276,1.3333,0,GembloQ,2,4,30,30,20,2014,"2,3,4",4,6+,No necessary in-game text,,,,,standalone
Get Bit!,30539,0,6.05432,6.18938,1.1221,1865,Get Bit!,3,6,20,20,20,2007,"3,4,5,6","5,6",6+,No necessary in-game text,,,,,standalone
Get Lucky,120447,0,5.67025,6.06505,1.5938,4404,Get Lucky,2,6,20,20,20,2014,"3,4,5,6",5,10+,No necessary in-game text,,,,,standalone
Ghost Fightin' Treasure Hunters,146312,0,6.22407,7.12247,1.6545,1397,Ghost Fightin' Treasure Hunters,2,4,30,30,30,2013,"1,2,3,4",4,6+,Some necessary text - easily memorized or small crib sheet,,,,,standalone
Ghost Stories,37046,0,7.23258,7.37884,2.8989,181,Ghost Stories,1,4,60,60,60,2008,"1,2,3,4",4,12+,No necessary in-game text,,,,,standalone
Ghostbusters: The Board Game,173275,0,5.84073,6.48472,2.2162,2819,Ghostbusters: The Board Game,1,4,120,120,30,2015,"1,2,3,4","1,4",8+,Some necessary text - easily memorized or small crib sheet,,,,,standalone
Ghosts!,2290,0,5.97125,6.38458,1.32,2154,Ghosts!,2,2,15,15,15,1980,2,2,6+,No necessary in-game text,,,,,standalone
Give Me the Brain!,176,0,5.68445,5.84056,1.284,4180,Give Me the Brain!,3,8,30,30,30,1996,"3,4,5,6",4,8+,Moderate in-game text - needs crib sheet or paste ups,,,,,standalone
Glen More,66362,0,7.12413,7.35083,2.6711,251,Glen More,2,5,70,70,45,2010,"2,3,4,5",4,12+,Some necessary text - easily memorized or small crib sheet,,,,,standalone
Gloom,12692,0,6.21422,6.36834,1.6413,1420,Gloom,2,5,60,60,60,2005,"2,3,4",4,10+,Extensive use of text - massive conversion needed to be playable,,,,,standalone
Gloom in Space,214898,0,5.55504,7.3,2,7892,Gloom in Space,2,5,60,60,60,2017,"3,4,5",,10+,,,,,,standalone
Glory to Rome,19857,0,7.32014,7.49439,2.924,142,Glory to Rome,2,5,60,60,60,2005,"2,3,4,5","3,4",12+,Extensive use of text - massive conversion needed to be playable,,,,,standalone
Gobblet,2266,0,6.07998,6.58119,1.8585,1786,Gobblet,2,2,20,20,20,2000,2,2,8+,No necessary in-game text,,,,,standalone
Gobblet Gobblers,13230,0,5.66099,6.15314,1.3704,4540,Gobblet Gobblers,2,2,5,5,5,2003,2,2,3+,No necessary in-game text,,,,,standalone
Great Western Trail,193738,0,8.0022,8.28374,3.7086,10,Great Western Trail,2,4,150,150,75,2016,"2,3,4",3,12+,No necessary in-game text,,,,,standalone
The Grizzled,171668,0,7.07627,7.32551,1.9187,281,The Grizzled,2,5,30,30,30,2015,"3,4,5","4,5",10+,Some necessary text - easily memorized or small crib sheet,,,,,standalone
The Grizzled: At Your Orders!,194562,0,6.66441,7.82459,2.2308,0,The Grizzled: At Your Orders!,1,5,0,0,0,2016,"1,2,3,4,5","4,5",12+,Some necessary text - easily memorized or small crib sheet,,,,,expansion
Guildhall,132372,0,6.65433,7.01467,2.0625,673,Guildhall,2,4,45,45,30,2012,"2,3,4",3,10+,No necessary in-game text,,,,,standalone
Haggis,37628,0,6.66015,7.01554,2.1269,662,Haggis,2,3,45,45,45,2010,"2,3",2,10+,No necessary in-game text,,,,,standalone
Halli Galli,2944,0,5.67193,5.79506,1.0134,4374,Halli Galli,2,6,10,10,10,1990,"3,4,5,6","4,5",6?€?16,No necessary in-game text,,,,,standalone
Halli Galli Extreme,15311,0,5.52388,5.69741,1.2857,10222,Halli Galli Extreme,2,6,20,20,20,2005,"4,5,6","4,5",6+,No necessary in-game text,,,,,standalone
Hamsterrolle,903,0,6.34191,6.83405,1.0779,1135,Hamsterrolle,2,4,30,30,30,2000,"2,3,4",4,6+,No necessary in-game text,,,,,standalone
Hanabi,98778,0,7.09469,7.18395,1.7092,269,Hanabi,2,5,25,25,25,2010,"2,3,4,5",4,10+,No necessary in-game text,,,,,standalone
Le Havre,35677,0,7.78627,7.91557,3.7587,33,Le Havre,1,5,150,150,30,2008,"1,2,3,4",3,12+,Moderate in-game text - needs crib sheet or paste ups,,,,,standalone
Hotel Tycoon,1502,0,5.38848,5.42286,1.4317,14661,Hotel Tycoon,2,4,60,60,60,1974,"3,4",4,8+,Some necessary text - easily memorized or small crib sheet,,,,,standalone
Hounded,207919,0,5.63521,6.92383,2,5018,Hounded,2,2,25,25,15,2016,2,2,,,,,,,standalone
Hunt for the Ring,216070,0,5.6426,7.58267,3,4878,Hunt for the Ring,2,5,180,180,90,2018,"2,3,4,5",,,,,,,,standalone
I'm the Boss!,115,0,6.48181,6.82273,1.9801,900,I'm the Boss!,3,6,60,60,60,1994,"4,5,6","5,6",10+,No necessary in-game text,,,,,standalone
Ice Cool,177524,0,6.55164,6.93243,1,795,Ice Cool,2,4,20,0,20,2016,"2,3,4",4,6+,No necessary in-game text,,,,,standalone
Ice Cream,186437,0,0,6.875,0,0,Ice Cream,3,6,20,0,20,2015,,,,,,,,,standalone
Ideology: The War of Ideas,8059,0,5.76217,6.16354,2.7525,3383,Ideology: The War of Ideas,2,5,90,90,90,2003,"3,4,5",5,12+,Some necessary text - easily memorized or small crib sheet,,,,,standalone
Ignis,136240,0,5.56287,6.11285,1.5,7448,Ignis,2,2,20,20,20,2013,2,2,,No necessary in-game text,,,,,standalone
Imperial Settlers,154203,0,7.36461,7.53767,2.7702,120,Imperial Settlers,1,4,90,90,45,2014,"1,2,3,4",2,12+,Moderate in-game text - needs crib sheet or paste ups,,,,,standalone
Indigo,116954,0,6.40693,6.86817,1.5036,1018,Indigo,2,4,30,30,30,2012,"2,3,4",4,6+,No necessary in-game text,,,,,standalone
Ingenious,9674,0,7.02384,7.1592,1.9225,322,Ingenious,1,4,45,45,45,2004,"2,3,4",2,8+,No necessary in-game text,,,,,standalone
Ion: A Compound Building Game,174611,0,5.63887,6.52805,1.3333,4940,Ion: A Compound Building Game,2,7,40,40,20,2015,"3,4,5,6,7",4,8+,No necessary in-game text,,,,,standalone
Jaipur,54043,0,7.41356,7.536,1.5275,100,Jaipur,2,2,30,30,30,2009,2,2,8+,No necessary in-game text,,,,,standalone
Jamaica,28023,0,6.93669,7.09128,1.6433,398,Jamaica,2,6,60,60,30,2007,"3,4,5,6",6,8+,No necessary in-game text,,,,,standalone
Jeju Island,183643,0,5.62775,6.66531,1.25,5189,Jeju Island,2,4,30,30,30,2015,"2,3,4","3,4",5+,,,,,,standalone
Jenga,2452,0,5.51311,5.5595,1.1333,11105,Jenga,1,8,20,20,20,1983,"2,3,4,5,6",4,5+,No necessary in-game text,,,,,standalone
Jenga BOOM,136609,0,5.44658,4.81196,1,14208,Jenga BOOM,1,4,10,10,10,2012,,,,,,,,,standalone
Jump Drive,205597,0,6.37793,7.11289,1.8788,1065,Jump Drive,2,4,30,30,10,2017,"1,2,3,4",3,10+,Some necessary text - easily memorized or small crib sheet,,,,,standalone
Junk Art,193042,0,6.78526,7.54503,1.2222,538,Junk Art,2,6,30,30,30,2016,"2,3,4,5,6","4,5",6+,No necessary in-game text,,,,,standalone
Kahuna,394,0,6.47831,6.6572,2.0531,909,Kahuna,2,2,40,40,30,1998,2,2,10+,No necessary in-game text,,,,,standalone
Kill Doctor Lucky,257,0,6.00127,6.1506,1.6508,2038,Kill Doctor Lucky,3,8,45,45,45,1996,"3,4,5,6",5,10+,Some necessary text - easily memorized or small crib sheet,,,,,standalone
King of Tokyo,70323,0,7.18622,7.27597,1.5076,215,King of Tokyo,2,6,30,30,30,2011,"3,4,5,6","4,5",6+,Moderate in-game text - needs crib sheet or paste ups,,,,,standalone
Kingdom Builder,107529,0,6.88857,7.01252,2.0713,448,Kingdom Builder,2,4,45,45,45,2011,"2,3,4",4,8+,Some necessary text - easily memorized or small crib sheet,,,,,standalone
Kingdomino,204583,0,7.21919,7.44613,1.2073,190,Kingdomino,2,4,20,20,15,2016,"2,3,4","2,4",6+,No necessary in-game text,,,,,standalone
Kingsburg,27162,0,7.10373,7.23094,2.4289,265,Kingsburg,2,5,90,90,90,2007,"2,3,4,5",4,10+,Moderate in-game text - needs crib sheet or paste ups,,,,,standalone
Kitty Paw,180867,0,5.60111,6.01418,1.3077,5856,Kitty Paw,1,4,30,30,15,2015,"2,3,4",4,8+,No necessary in-game text,,,,,standalone
Kobayakawa,142325,0,5.96906,6.35821,1.2113,2168,Kobayakawa,3,6,15,15,15,2013,"3,4,5,6",,8+,No necessary in-game text,,,,,standalone
Kory??,140535,0,6.19452,6.78322,1.88,1475,Kory??,2,4,20,20,10,2013,"2,3,4",3,10+,No necessary in-game text,,,,,standalone
Labyrinth,1219,0,6.21989,6.36761,1.393,1409,Labyrinth,2,4,20,20,20,1986,"2,3,4",4,6+,No necessary in-game text,,,,,standalone
Lanterns: The Harvest Festival,160851,0,6.76565,7.02896,1.5793,567,Lanterns: The Harvest Festival,2,4,30,30,30,2015,"2,3,4",4,6+,No necessary in-game text,,,,,standalone
Las Vegas,117959,0,6.84051,7.09046,1.2043,486,Las Vegas,2,5,30,30,30,2012,"2,3,4,5",4,8+,No necessary in-game text,,,,,standalone
Lectio,19184,0,5.96156,6.87785,1.9333,2210,Lectio,3,5,20,20,20,2004,"3,4,5",5,10+,No necessary in-game text,,,,,standalone
Legend of the Five Rings: The Card Game,184151,0,6.52685,8.14996,4.0286,830,Legend of the Five Rings: The Card Game,2,2,90,90,45,2017,2,2,12+,Extensive use of text - massive conversion needed to be playable,,,,,standalone
Legends of Andor,127398,0,7.07253,7.3046,2.768,287,Legends of Andor,2,4,90,90,60,2012,"1,2,3,4",4,10+,Extensive use of text - massive conversion needed to be playable,,,,,standalone
Lemonade Stand,104655,0,5.6211,6.04003,1.5,5350,Lemonade Stand,2,4,20,20,15,2012,"2,3,4",,8+,Some necessary text - easily memorized or small crib sheet,,,,,standalone
Letters from Whitechapel,59959,0,7.25213,7.47417,2.6828,170,Letters from Whitechapel,2,6,120,120,120,2011,"2,3,4,5,6",2,12+,No necessary in-game text,,,,,standalone
Lewis & Clark,140620,0,7.34717,7.56075,3.3179,130,Lewis & Clark,1,5,120,120,120,2013,"1,2,3,4",3,12+,No necessary in-game text,,,,,standalone
Liar's Dice,45,0,6.77419,6.9232,1.2621,551,Liar's Dice,2,6,30,30,15,1800,"3,4,5,6","5,6",8+,No necessary in-game text,,,,,standalone
Libertalia,125618,0,7.06376,7.24496,2.2349,292,Libertalia,2,6,45,45,45,2012,"3,4,5,6",4,10+,Moderate in-game text - needs crib sheet or paste ups,,,,,standalone
Lobo 77,3337,0,5.51317,5.59791,1.069,11100,Lobo 77,2,8,30,30,30,1993,"3,4,5,6,7,8",5,8+,No necessary in-game text,,,,,standalone
Loony Quest,136991,0,6.68931,7.08289,1.2258,627,Loony Quest,2,5,30,30,20,2015,"2,3,4,5",4,8+,No necessary in-game text,,,,,standalone
Loopin' Louie,327,0,6.67054,6.86403,1.0539,650,Loopin' Louie,2,4,10,10,10,1992,"2,4",4,4+,No necessary in-game text,,,,,standalone
Lord of the Fries,1536,0,5.74587,5.95634,1.2945,3500,Lord of the Fries,3,8,45,45,45,1998,"3,4,5,6","4,5,6",10+,No necessary in-game text,,,,,standalone
Lord of the Rings: The Duel,4610,0,5.70962,5.91595,1.7048,3856,Lord of the Rings: The Duel,2,2,45,45,45,2002,2,2,8+,Some necessary text - easily memorized or small crib sheet,,,,,standalone
The Lords of Rock,178958,0,5.5967,6.88825,1.5,5999,The Lords of Rock,2,5,45,45,20,2016,"2,3,4,5",4,8+,,,,,,standalone
Lords of Waterdeep,110327,0,7.67317,7.79056,2.497,46,Lords of Waterdeep,2,5,120,120,60,2012,"2,3,4,5","3,4",10+,Moderate in-game text - needs crib sheet or paste ups,,,,,standalone
Lords of Waterdeep: Scoundrels of Skullport,134342,0,7.89565,8.23349,2.648,0,Lords of Waterdeep: Scoundrels of Skullport,2,6,60,60,60,2013,"2,3,4,5,6","3,4",12+,Extensive use of text - massive conversion needed to be playable,,,,,expansion
Lost Cities,50,0,7.05814,7.14822,1.512,296,Lost Cities,2,2,30,30,30,1999,2,2,8+,No necessary in-game text,,,,,standalone
Lost in R'lyeh,197707,0,5.62904,6.18732,1.5,5158,Lost in R'lyeh,2,6,45,0,45,2016,"2,3,4,5","4,5",8,Moderate in-game text - needs crib sheet or paste ups,,,,,standalone
Love Letter,129622,0,7.20916,7.2905,1.2022,198,Love Letter,2,4,20,20,20,2012,"3,4",4,8+,Some necessary text - easily memorized or small crib sheet,,,,,standalone
LYNGK,217083,0,6.10751,7.91104,2.7,1712,LYNGK,2,2,60,60,30,2017,2,2,12+,No necessary in-game text,,,,,standalone
Macroscope,193164,0,5.58711,6.04478,1,6339,Macroscope,2,6,30,30,30,2016,"2,3,4",2,5+,No necessary in-game text,,,,,standalone
Mafia de Cuba,176558,0,6.29289,6.67721,1.5152,1243,Mafia de Cuba,6,12,20,20,10,2015,"7,8,9,10,11,12","8,9,10",10+,No necessary in-game text,,,,,standalone
Mage Knight Board Game,96848,0,7.92671,8.12926,4.2297,16,Mage Knight Board Game,1,4,150,150,150,2011,"1,2,3","1,2",14+,Extensive use of text - massive conversion needed to be playable,,,,,standalone
Mage Wars Arena,101721,0,7.35197,7.76075,3.6289,126,Mage Wars Arena,2,2,90,90,90,2012,2,2,12+,Extensive use of text - massive conversion needed to be playable,,,,,standalone
The Magic Labyrinth,41916,0,6.51838,6.88333,1.2609,847,The Magic Labyrinth,2,4,15,15,15,2009,"2,3,4","3,4",4+,No necessary in-game text,,,,,standalone
Magic Maze,209778,0,6.97941,7.36837,1.7424,356,Magic Maze,1,8,15,15,3,2017,"2,3,4,5,6",4,8+,No necessary in-game text,,,,,standalone
Magic: The Gathering,463,0,7.30095,7.44581,3.1585,152,Magic: The Gathering,2,2,20,20,20,1993,2,2,12+,Unplayable in another language,,,,,standalone
Magic: The Gathering ?€? Archenemy: Nicol Bolas,231392,0,0,7.34615,0,0,Magic: The Gathering ?€? Archenemy: Nicol Bolas,2,4,30,30,30,2017,"3,4",4,,,,,,,standalone
Magic: The Gathering ?€? Explorers of Ixalan,231309,0,0,7.04762,0,0,Magic: The Gathering ?€? Explorers of Ixalan,2,4,30,30,30,2017,4,4,,,,,,,standalone
Mag??Blast (Third Edition),23142,0,5.83756,6.05486,1.5545,2842,Mag??Blast (Third Edition),2,8,20,20,20,2006,"2,3,4,5,6",,8+,Some necessary text - easily memorized or small crib sheet,,,,,standalone
Mahjong,2093,0,6.71439,7.0158,2.5545,604,Mahjong,3,4,120,120,120,1850,4,4,10+,No necessary in-game text,,,,,standalone
Mansions of Madness,83330,0,7.12541,7.36624,3.2397,248,Mansions of Madness,2,5,120,120,120,2011,"2,3,4,5",5,14+,Extensive use of text - massive conversion needed to be playable,,,,,standalone
Mansions of Madness: Second Edition,205059,0,7.89268,8.23532,2.6344,19,Mansions of Madness: Second Edition,1,5,180,180,120,2016,"1,2,3,4,5","3,4",12+,Extensive use of text - massive conversion needed to be playable,,,,,standalone
Marrakech,29223,0,6.31428,6.70112,1.3784,1196,Marrakech,2,4,30,30,30,2007,"2,3,4",4,6+,No necessary in-game text,,,,,standalone
Mastermind,2392,0,5.45422,5.48103,1.8112,14047,Mastermind,2,2,20,20,20,1971,2,2,8+,No necessary in-game text,,,,,standalone
Mechs vs. Minions,209010,0,7.87734,8.25941,2.4545,21,Mechs vs. Minions,2,4,90,90,60,2016,"2,3,4",4,10+,Moderate in-game text - needs crib sheet or paste ups,,,,,standalone
Memoir '44,10630,0,7.39083,7.53848,2.277,114,Memoir '44,2,8,60,60,30,2004,"2,3,4",2,8+,Moderate in-game text - needs crib sheet or paste ups,,,,,standalone
Merchant of Venus,230,0,6.65851,7.17237,2.8303,666,Merchant of Venus,1,6,180,180,180,1988,"2,3,4,5",,10+,Some necessary text - easily memorized or small crib sheet,,,,,standalone
Merchants & Marauders,25292,0,7.2248,7.44546,3.223,185,Merchants & Marauders,2,4,180,180,180,2010,"2,3,4",4,12+,Extensive use of text - massive conversion needed to be playable,,,,,standalone
Metro,559,0,6.21079,6.38266,1.7028,1427,Metro,2,6,30,30,30,1997,"2,3,4,5,6",,8+,No necessary in-game text,,,,,standalone
Mice and Mystics,124708,0,7.22437,7.44244,2.6511,186,Mice and Mystics,1,4,120,120,120,2012,"1,2,3,4",4,8+,Extensive use of text - massive conversion needed to be playable,,,,,standalone
Mice and Mystics: Heart of Glorm,144777,0,6.5077,8.00956,2.6207,0,Mice and Mystics: Heart of Glorm,1,4,90,90,60,2013,"1,2,3,4","2,4",8+,Extensive use of text - massive conversion needed to be playable,,,,,expansion
Mission: Red Planet (Second Edition),176920,0,7.24556,7.60055,2.2349,172,Mission: Red Planet (Second Edition),2,6,90,90,45,2015,"3,4,5,6",4,12+,Moderate in-game text - needs crib sheet or paste ups,,,,,standalone
Mistfall,168274,0,6.20152,6.92639,3.9231,1455,Mistfall,1,4,120,120,120,2015,"1,2,3,4",2,14+,Extensive use of text - massive conversion needed to be playable,,,,,standalone
Modern Art,118,0,7.17084,7.33349,2.3201,222,Modern Art,3,5,45,45,45,1992,"3,4,5","4,5",10+,No necessary in-game text,,,,,standalone
Monopoly,1406,0,4.3447,4.4028,1.6767,14945,Monopoly,2,8,180,180,60,1933,"3,4,5,6",4,8+,Moderate in-game text - needs crib sheet or paste ups,,,,,standalone
Monopoly Gamer,230408,0,5.84918,6.60519,1.2273,2774,Monopoly Gamer,2,4,45,45,45,2017,"2,3,4",4,5+,Moderate in-game text - needs crib sheet or paste ups,,,,,standalone
Monopoly: United States Army,11410,0,0,4.55217,2,0,Monopoly: United States Army,2,8,180,180,180,2005,,,,,,,,,standalone
Morels,122298,0,6.76646,7.06311,1.7328,565,Morels,2,2,30,30,30,2012,2,2,10+,No necessary in-game text,,,,,standalone
Mottainai,175199,0,6.59073,7.06948,2.9821,745,Mottainai,2,5,30,30,15,2015,"2,3,4",2,12+,Extensive use of text - massive conversion needed to be playable,,,,,standalone
Mr. Jack,21763,0,6.93331,7.07502,2.189,404,Mr. Jack,2,2,30,30,30,2006,2,2,10+,No necessary in-game text,,,,,standalone
Munchkin,1927,0,5.77451,5.93908,1.7891,3292,Munchkin,3,6,120,120,60,2001,"3,4,5,6",4,12+,Extensive use of text - massive conversion needed to be playable,,,,,standalone
Munchkin Steampunk,164031,0,5.66591,6.8411,1.875,4469,Munchkin Steampunk,3,6,0,0,0,2015,"2,3,4,5",2,,,,,,,standalone
Mysterium,181304,0,7.32186,7.48312,1.9256,140,Mysterium,2,7,42,42,42,2015,"3,4,5,6,7","5,6",8+,No necessary in-game text,,,,,standalone
Mystic Vale,194607,0,6.9307,7.31167,2.3,407,Mystic Vale,2,4,45,45,45,2016,"2,3,4",2,10+,Moderate in-game text - needs crib sheet or paste ups,,,,,standalone
Mystic Vale: Vale of the Wild,220502,0,6.11642,8.08726,0,0,Mystic Vale: Vale of the Wild,2,4,45,45,45,2017,"2,3,4",2,,Moderate in-game text - needs crib sheet or paste ups,,,,,expansion
Nanuk,54433,0,5.76948,6.22706,1.5686,3328,Nanuk,5,8,45,45,45,2009,"5,6,7,8",8,10+,No necessary in-game text,,,,,standalone
Near and Far,195421,0,7.24332,8.11307,2.7636,174,Near and Far,2,4,120,120,60,2017,"2,3,4",3,10+,Extensive use of text - massive conversion needed to be playable,,,,,standalone
Nemo's War (second edition),187617,0,6.66189,8.25275,2.7963,661,Nemo's War (second edition),1,4,120,120,60,2017,1,1,14+,Extensive use of text - massive conversion needed to be playable,,,,,standalone
Nerdy Inventions,187787,0,5.52813,5.6982,1.6667,9857,Nerdy Inventions,2,4,30,30,25,2015,"2,3,4",3,,No necessary in-game text,,,,,standalone
Nevermore,173047,0,6.0076,6.74491,1.9655,2020,Nevermore,3,6,60,60,45,2015,"3,4,5,6",4,10+,Some necessary text - easily memorized or small crib sheet,,,,,standalone
New York 1901,174660,0,6.62176,6.95861,2.0741,716,New York 1901,2,4,60,60,30,2015,"2,3,4",4,8+,No necessary in-game text,,,,,standalone
Nicht die Bohne!,192,0,5.90729,6.36871,1.3725,2462,Nicht die Bohne!,3,6,45,45,45,1999,"4,5,6","5,6",8+,No necessary in-game text,,,,,standalone
Ninja All-Stars,164448,0,5.64307,6.66481,2.625,4871,Ninja All-Stars,2,4,90,90,90,2015,"2,3,4",2,14+,Moderate in-game text - needs crib sheet or paste ups,,,,,standalone
NMBR 9,217449,0,6.45115,7.03132,1.1316,948,NMBR 9,1,4,20,20,20,2017,"1,2,3,4",4,8+,No necessary in-game text,,,,,standalone
NMBR 9,217449,0,6.45115,7.03132,1.1316,948,NMBR 9,1,4,20,20,20,2017,"1,2,3,4",4,8+,No necessary in-game text,,,,,standalone
No Thanks!,12942,0,6.94082,7.04239,1.1499,393,No Thanks!,3,7,30,30,20,2004,"3,4,5","4,5",8+,No necessary in-game text,,,,,standalone
Nomads,216985,0,5.54589,6.74563,0,8476,Nomads,2,5,45,45,25,2017,,,,,,,,,standalone
Noria,233676,0,5.92715,6.88751,3.6071,2372,Noria,2,4,120,120,70,2017,"2,3,4","3,4",12+,No necessary in-game text,,,,,standalone
Nothing Personal,120523,0,6.59266,7.17548,2.7573,744,Nothing Personal,3,5,120,120,120,2013,"3,4,5","4,5",12+,Some necessary text - easily memorized or small crib sheet,,,,,standalone
Notre Dame: 10th Anniversary,213984,0,6.19917,7.70727,2.5714,0,Notre Dame: 10th Anniversary,2,5,75,75,45,2017,"2,3,4,5",,8+,No necessary in-game text,,,,,standalone
Octopus' Garden,85800,0,5.68757,6.69736,1.4706,4138,Octopus' Garden,2,4,45,45,45,2011,"3,4",4,6+,No necessary in-game text,,,,,standalone
Omen: A Reign of War,94104,0,6.46856,7.39621,2.3444,924,Omen: A Reign of War,2,2,30,30,30,2011,2,2,12+,Moderate in-game text - needs crib sheet or paste ups,,,,,standalone
Ominoes,195484,0,5.64111,6.87008,1.2857,4907,Ominoes,2,4,15,15,15,2016,"2,3,4",2,6+,No necessary in-game text,,,,,standalone
Once Upon a Time: The Storytelling Card Game,1234,0,6.29076,6.46081,1.3961,1247,Once Upon a Time: The Storytelling Card Game,2,6,30,30,30,1993,"3,4,5,6","5,6",8+,Moderate in-game text - needs crib sheet or paste ups,,,,,standalone
One Night Revolution,176361,0,5.88796,6.24816,1.8889,2553,One Night Revolution,3,10,15,15,15,2015,"4,5,6,7,8,9,10","5,6",10+,Some necessary text - easily memorized or small crib sheet,,,,,standalone
One Night Ultimate Alien,204431,0,5.9692,7.3373,2.1429,2164,One Night Ultimate Alien,4,10,10,10,10,2017,"4,5,6,7,8,9,10","6,7",8+,,,,,,standalone
One Night Ultimate Vampire,180956,0,6.17317,6.86853,1.5556,1527,One Night Ultimate Vampire,3,10,10,10,10,2015,"4,5,6,7,8","5,6,7",6+,,,,,,standalone
One Night Ultimate Werewolf,147949,0,7.12522,7.30173,1.4097,249,One Night Ultimate Werewolf,3,10,10,10,10,2014,"4,5,6,7,8,9,10","6,7,8",10+,No necessary in-game text,,,,,standalone
One Night Ultimate Werewolf Daybreak,163166,0,6.96799,7.50473,1.4714,366,One Night Ultimate Werewolf Daybreak,3,7,10,10,10,2015,"4,5,6,7","5,6,7",8+,No necessary in-game text,,,,,standalone
Onirim,71836,0,6.47604,6.72456,1.6532,911,Onirim,1,2,15,15,15,2010,"1,2",1,8+,No necessary in-game text,,,,,standalone
Open Sesame,124290,0,5.5534,5.96703,1.125,7999,Open Sesame,3,5,15,15,15,2012,"3,4,5",4,8+,No necessary in-game text,,,,,standalone
The Oracle of Delphi,193558,0,6.81513,7.39946,2.9818,514,The Oracle of Delphi,2,4,100,100,70,2016,"2,3,4","3,4",10+,No necessary in-game text,,,,,standalone
Orl??ans,164928,0,7.84446,8.08427,3.1071,25,Orl??ans,2,4,90,90,90,2014,"2,3,4",4,12+,No necessary in-game text,,,,,standalone
??sterreich Reise,110822,0,0,0,0,0,??sterreich Reise,2,6,45,45,45,2004,,,,,,,,,standalone
Out of Mine!,153509,0,5.51377,5.63447,1.1667,11053,Out of Mine!,2,4,20,20,20,2014,"2,3,4",,5?€?12,No necessary in-game text,,,,,standalone
P.I.,129050,0,6.18634,6.77906,2.2561,1494,P.I.,2,5,60,60,45,2012,"2,3,4,5",3,10+,No necessary in-game text,,,,,standalone
Pandemic,30549,0,7.57026,7.66152,2.4276,66,Pandemic,2,4,45,45,45,2008,"1,2,3,4",4,10+,Some necessary text - easily memorized or small crib sheet,,,,,standalone
Pandemic: The Cure,150658,0,7.1234,7.39479,2.064,254,Pandemic: The Cure,2,5,30,30,30,2014,"1,2,3,4,5","3,4",8+,Some necessary text - easily memorized or small crib sheet,,,,,standalone
Paramedics: Clear!,207010,0,5.59489,7.32825,2,6066,Paramedics: Clear!,1,4,40,40,30,2017,"2,3,4",4,,No necessary in-game text,,,,,standalone
Pariah Missouri (fan expansion for T.I.M.E Stories),205847,0,5.47725,4.92766,2,0,Pariah Missouri (fan expansion for T.I.M.E Stories),2,4,0,0,0,2016,,,,,,,,,expansion
Patchwork,163412,0,7.65565,7.77887,1.7135,50,Patchwork,2,2,30,30,15,2014,2,2,6+,No necessary in-game text,,,,,standalone
Pathfinder Adventure Card Game: Rise of the Runelords ?€? Base Set,133038,0,7.08955,7.32138,2.7162,273,Pathfinder Adventure Card Game: Rise of the Runelords ?€? Base Set,1,4,90,90,90,2013,"1,2,3,4","3,4",10+,Extensive use of text - massive conversion needed to be playable,,,,,standalone
Pay Dirt,125050,0,5.98051,6.87527,2.5778,2112,Pay Dirt,2,5,90,90,90,2014,"2,3,4",4,10+,Some necessary text - easily memorized or small crib sheet,,,,,standalone
Penguin Trap,225981,0,5.54505,6.74837,0,8546,Penguin Trap,2,4,10,10,5,2017,,,,,,,,,standalone
Perfection,5588,0,4.94857,4.26889,1.0571,14921,Perfection,1,99,6,6,6,1973,"1,2",1,5?€?10,No necessary in-game text,,,,,standalone
Phase 10,1258,0,5.0773,5.08993,1.3132,14902,Phase 10,2,6,45,45,45,1982,"2,3,4,5,6",4,8+,No necessary in-game text,,,,,standalone
Pictionary Man Double Draw,214282,0,0,0,0,0,Pictionary Man Double Draw,3,0,30,0,30,2016,,,,,,,,,standalone
Pi??ata,141791,0,6.06871,6.86548,1.4667,1818,Pi??ata,2,2,30,30,30,2013,2,2,8+,No necessary in-game text,,,,,standalone
Pi??ata,141791,0,6.06871,6.86548,1.4667,1818,Pi??ata,2,2,30,30,30,2013,2,2,8+,No necessary in-game text,,,,,standalone
Pinocchio: True or False,166509,0,5.49809,5.5375,1.25,12264,Pinocchio: True or False,4,10,30,30,30,2014,,,,Extensive use of text - massive conversion needed to be playable,,,,,standalone
Pit,140,0,6.25331,6.40596,1.1612,1340,Pit,3,8,90,90,30,1903,"4,5,6,7,8","6,7,8",8+,No necessary in-game text,,,,,standalone
PitchCar,150,0,7.03127,7.24257,1.127,316,PitchCar,2,8,30,30,30,1995,"2,3,4,5,6,7,8",6,5+,No necessary in-game text,,,,,standalone
Poker,1115,0,6.50939,6.69705,2.4652,859,Poker,2,10,60,60,60,1810,"3,4,5,6,7,8,9,10","5,6",14+,No necessary in-game text,,,,,standalone
Posthuman,171835,0,6.02047,6.6928,3.1778,1972,Posthuman,1,4,120,120,30,2015,"1,2,3,4",3,12+,Extensive use of text - massive conversion needed to be playable,,,,,standalone
Potion Explosion,180974,0,6.91526,7.22571,1.7222,420,Potion Explosion,2,4,60,60,30,2015,"2,3,4",,8+,No necessary in-game text,,,,,standalone
Power Grid: The Card Game,203780,0,6.20218,6.94457,2.3333,1452,Power Grid: The Card Game,2,6,60,60,45,2016,"2,3,4,5,6","4,5",6+,No necessary in-game text,,,,,standalone
Praetor,137776,0,6.05134,6.66959,2.9855,1876,Praetor,2,5,75,75,75,2014,"2,3,4",,12+,No necessary in-game text,,,,,standalone
Probe,2060,0,5.57166,5.74896,1.5789,6988,Probe,2,4,60,60,60,1964,"3,4",4,10+,Unplayable in another language,,,,,standalone
Puerto Rico,3076,0,7.96109,8.07169,3.2943,14,Puerto Rico,2,5,150,150,90,2002,"2,3,4,5",4,12+,Moderate in-game text - needs crib sheet or paste ups,,,,,standalone
Pyramis,110655,0,0,4.98667,1.3333,0,Pyramis,2,4,20,20,20,2011,2,2,8,No necessary in-game text,,,,,standalone
Quarto,681,0,6.53325,6.82797,2.0108,823,Quarto,2,2,20,20,20,1991,2,2,8+,No necessary in-game text,,,,,standalone
Quickpick: Island of Monster Masks,183452,0,5.54514,6.62245,1,8537,Quickpick: Island of Monster Masks,3,8,0,0,0,2015,"4,5,6,7","4,5,6,7",5+,No necessary in-game text,,,,,standalone
Quoridor,624,0,6.43219,6.68788,1.9127,975,Quoridor,2,4,15,15,15,1997,"2,4",2,8+,No necessary in-game text,,,,,standalone
Race for the Galaxy,28143,0,7.67614,7.76633,2.9725,45,Race for the Galaxy,2,4,60,60,30,2007,"2,3,4",2,12+,Some necessary text - easily memorized or small crib sheet,,,,,standalone
Raxxon,231197,0,5.79998,6.99806,2.1,3089,Raxxon,1,4,60,60,45,2017,"1,2,3,4",3,12+,Extensive use of text - massive conversion needed to be playable,,,,,standalone
Relic,128442,0,6.38268,6.88599,2.4667,1056,Relic,2,4,180,180,180,2013,"2,3,4","3,4",10+,Extensive use of text - massive conversion needed to be playable,,,,,standalone
The Resistance,41114,0,7.28021,7.38915,1.6312,160,The Resistance,5,10,30,30,30,2009,"5,6,7,8,9,10",7,12+,No necessary in-game text,,,,,standalone
The Resistance: Avalon,128882,0,7.51281,7.68075,1.7829,77,The Resistance: Avalon,5,10,30,30,30,2012,"5,6,7,8,9,10","7,8",12+,Some necessary text - easily memorized or small crib sheet,,,,,standalone
Revolution!,34887,0,6.43732,6.73843,2.0422,967,Revolution!,3,4,60,60,60,2009,"3,4",4,10+,Some necessary text - easily memorized or small crib sheet,,,,,standalone
Rex: Final Days of an Empire,104363,0,6.74112,7.14252,3.2566,588,Rex: Final Days of an Empire,3,6,120,120,120,2012,"4,5,6",6,12+,Moderate in-game text - needs crib sheet or paste ups,,,,,standalone
Rhino Hero,91514,0,6.73668,7.03677,1.032,590,Rhino Hero,2,5,15,15,5,2011,"2,3,4,5",3,4+,No necessary in-game text,,,,,standalone
Rialto,119591,0,6.59733,6.96215,2.5504,736,Rialto,2,5,45,45,45,2013,"2,3,4,5",4,10+,No necessary in-game text,,,,,standalone
Rising 5: Runes of Asteros,185196,0,5.74707,7.05843,1.8333,3487,Rising 5: Runes of Asteros,1,5,25,25,15,2017,"2,3,4",2,,No necessary in-game text,,,,,standalone
Rivals for Catan: Deluxe,203219,0,5.61845,7.18979,2.25,0,Rivals for Catan: Deluxe,2,2,60,60,45,2016,2,2,,Moderate in-game text - needs crib sheet or paste ups,,,,,standalone
RoboRally,18,0,7.01515,7.12959,2.4335,327,RoboRally,2,8,120,120,45,1994,"3,4,5,6,7,8","5,6",10+,Moderate in-game text - needs crib sheet or paste ups,,,,,standalone
Rococo,144344,0,7.21899,7.5694,3.1173,191,Rococo,2,5,120,120,60,2013,"2,3,4,5",3,12+,No necessary in-game text,,,,,standalone
Rolling Freight,74390,0,6.03761,6.84911,3.0175,1923,Rolling Freight,2,5,180,180,120,2012,"2,3,4","3,4",16+,Some necessary text - easily memorized or small crib sheet,,,,,standalone
Rory's Story Cubes,20545,0,6.0733,6.37293,1.152,1802,Rory's Story Cubes,1,12,20,20,20,2005,"1,2,3,4,5,6,7","2,3,4",4+,No necessary in-game text,,,,,standalone
Rory's Story Cubes: Actions,89415,0,5.88099,6.47863,1.2083,2591,Rory's Story Cubes: Actions,1,12,20,20,20,2007,"2,3,4,5","3,4",5+,No necessary in-game text,,,,,standalone
Rory's Story Cubes: Batman,182541,0,5.5707,6.52222,1,7038,Rory's Story Cubes: Batman,1,12,15,15,15,2015,,,,,,,,,standalone
Rory's Story Cubes: Voyages,115233,0,5.91952,6.6557,1.0294,2400,Rory's Story Cubes: Voyages,1,12,20,20,20,2011,"2,3,4,5",3,5+,No necessary in-game text,,,,,standalone
The Rose King,201,0,6.43478,6.8225,1.9677,971,The Rose King,2,2,30,30,30,1992,2,2,8+,No necessary in-game text,,,,,standalone
Rummikub,811,0,6.1703,6.31061,1.7766,1535,Rummikub,2,4,60,60,60,1977,"2,3,4",4,8+,No necessary in-game text,,,,,standalone
Rumplestiltskin!,161720,0,0,5.328,1,0,Rumplestiltskin!,7,20,0,0,0,2014,2,2,,,,,,,standalone
Runebound (Second Edition),21523,0,6.655,6.89999,2.6804,672,Runebound (Second Edition),2,6,240,240,120,2005,"1,2,3,4",2,12+,Extensive use of text - massive conversion needed to be playable,,,,,standalone
Rush Hour,5082,0,5.57923,6.14994,1.5,6639,Rush Hour,2,6,60,60,60,1981,,,,Moderate in-game text - needs crib sheet or paste ups,,,,,standalone
Saboteur,9220,0,6.52316,6.62551,1.3318,837,Saboteur,3,10,30,30,30,2004,"5,6,7,8,9,10","7,8",8+,No necessary in-game text,,,,,standalone
Safe Breaker,165889,0,5.54184,6.14267,1,8773,Safe Breaker,3,6,10,10,10,2014,"3,4,5,6",5,,,,,,,standalone
Saigo no Kane,32995,0,5.59461,6.46667,3.0833,6072,Saigo no Kane,2,4,60,60,60,2008,"2,3,4",3,12+,No necessary in-game text,,,,,standalone
Samurai,3,0,7.271,7.43859,2.5044,162,Samurai,2,4,60,60,30,1998,"2,3,4",3,10+,No necessary in-game text,,,,,standalone
Santorini,194655,0,7.56667,7.86769,1.7702,67,Santorini,2,4,20,20,20,2016,"2,3,4",2,6+,No necessary in-game text,,,,,standalone
Say Anything,33604,0,6.55905,6.81482,1.0964,784,Say Anything,3,8,30,30,30,2008,"4,5,6,7,8","6,7,8",10+,Extensive use of text - massive conversion needed to be playable,,,,,standalone
Scotland Yard,438,0,6.38929,6.50805,1.9633,1042,Scotland Yard,3,6,45,45,45,1983,"2,3,4,5,6",,8+,No necessary in-game text,,,,,standalone
Scrabble,320,0,6.1918,6.29305,2.1252,1480,Scrabble,2,4,90,90,90,1948,"2,3,4",2,10+,Unplayable in another language,,,,,standalone
Sentinel Tactics: The Flame of Freedom,146408,0,6.01143,6.89268,2.5,2007,Sentinel Tactics: The Flame of Freedom,2,8,45,45,45,2014,"2,3,4,5,6",4,8+,Moderate in-game text - needs crib sheet or paste ups,,,,,standalone
Sentinel Tactics: Uprising,158326,0,5.71028,7.04578,2.6667,0,Sentinel Tactics: Uprising,0,0,45,45,45,2014,,,,,,,,,expansion
Sentinels of the Multiverse,102652,0,7.11232,7.3219,2.5039,260,Sentinels of the Multiverse,1,5,60,60,30,2011,"1,2,3,4,5",4,10+,Extensive use of text - massive conversion needed to be playable,,,,,standalone
Sentinels of the Multiverse: Shattered Timelines,132959,0,7.14677,8.20938,2.42,0,Sentinels of the Multiverse: Shattered Timelines,2,5,60,60,60,2013,"2,3,4,5","3,4",12+,Extensive use of text - massive conversion needed to be playable,,,,,expansion
Sequence,2375,0,5.79996,5.93675,1.3529,3090,Sequence,2,12,30,30,0,1982,"2,3,4,6","3,4",6+,No necessary in-game text,,,,,standalone
SET,1198,0,6.31105,6.48173,1.6997,1207,SET,2,20,30,30,30,1988,"1,2,3,4,5,6,7,8","3,4",6+,No necessary in-game text,,,,,standalone
Shadows over Camelot,15062,0,7.03271,7.15178,2.5648,315,Shadows over Camelot,3,7,80,80,60,2005,"4,5,6,7","5,6,7",10+,Moderate in-game text - needs crib sheet or paste ups,,,,,standalone
Sheriff of Nottingham,157969,0,7.15562,7.28717,1.6717,229,Sheriff of Nottingham,3,5,60,60,60,2014,"3,4,5",5,8+,Some necessary text - easily memorized or small crib sheet,,,,,standalone
Sherlock 13,149869,0,5.64523,6.40756,1.8,4829,Sherlock 13,2,4,15,15,15,2013,"3,4",4,8+,No necessary in-game text,,,,,standalone
Shifty Eyed Spies,232830,0,5.58805,7.18018,1.25,6296,Shifty Eyed Spies,4,8,20,0,20,2017,"4,5,6,7,8","6,7,8",6+,,,,,,standalone
Sid Meier's Civilization: The Board Game,77130,0,7.27727,7.4856,3.8602,161,Sid Meier's Civilization: The Board Game,2,4,240,240,120,2010,"2,3,4",4,14+,Extensive use of text - massive conversion needed to be playable,,,,,standalone
Slide Blast,206169,0,5.62449,6.82909,1.5,5268,Slide Blast,2,6,20,20,10,2016,"3,4,5,6",6,5?€?10,No necessary in-game text,,,,,standalone
Small World,40692,0,7.25233,7.33419,2.3672,169,Small World,2,5,80,80,40,2009,"2,3,4,5",4,8+,No necessary in-game text,,,,,standalone
Smash Up,122522,0,6.71601,6.8582,2.0457,603,Smash Up,2,4,45,45,45,2012,"2,3,4",3,10+,Extensive use of text - massive conversion needed to be playable,,,,,standalone
Snake Oil: Elixir,156097,0,5.60143,7.53879,1,5843,Snake Oil: Elixir,3,8,30,30,30,2015,,,,,,,,,standalone
Snake Oil: Party Potion,156096,0,5.67689,7.34612,1.5,4307,Snake Oil: Party Potion,3,6,30,30,30,2014,,,,,,,,,standalone
Snow Tails,38054,0,6.74279,6.99931,2.0455,586,Snow Tails,2,5,60,60,45,2008,"2,3,4,5",5,10+,No necessary in-game text,,,,,standalone
Soulfall,175510,0,5.64746,6.44243,2.2667,4791,Soulfall,2,4,45,45,30,2015,"1,2,3",,10+,Some necessary text - easily memorized or small crib sheet,,,,,standalone
Space Alert,38453,0,7.3293,7.50782,2.9351,138,Space Alert,1,5,30,30,30,2008,"3,4,5","4,5",12+,Moderate in-game text - needs crib sheet or paste ups,,,,,standalone
Space Alert: The New Frontier,61492,0,6.9117,8.53391,3.3448,0,Space Alert: The New Frontier,1,5,30,30,30,2010,"1,2,3,4,5","4,5",10+,Some necessary text - easily memorized or small crib sheet,,,,,expansion
Space Hulk (fourth edition),165838,0,6.71324,8.03282,2.7059,606,Space Hulk (fourth edition),2,2,60,60,60,2014,"1,2",2,12+,No necessary in-game text,,,,,standalone
Space Hulk: Death Angel ?€? The Card Game,71721,0,6.8123,6.99389,2.4118,519,Space Hulk: Death Angel ?€? The Card Game,1,6,30,30,30,2010,"1,2,3,4,5,6",1,12+,Extensive use of text - massive conversion needed to be playable,,,,,standalone
Spartacus: A Game of Blood & Treachery,128671,0,7.08768,7.48574,2.6833,275,Spartacus: A Game of Blood & Treachery,3,4,150,150,150,2012,"3,4",4,14+,Moderate in-game text - needs crib sheet or paste ups,,,,,standalone
Speed Cups,146149,0,5.77858,6.21577,1.0588,3252,Speed Cups,2,4,15,15,15,2013,"2,3,4",4,5+,No necessary in-game text,,,,,standalone
Splendor,148228,0,7.40292,7.51152,1.8358,107,Splendor,2,4,30,30,30,2014,"2,3,4",3,8+,No necessary in-game text,,,,,standalone
Spyfall,166384,0,6.97054,7.10863,1.2755,363,Spyfall,3,8,15,15,15,2014,"4,5,6,7,8",6,12+,Some necessary text - easily memorized or small crib sheet,,,,,standalone
Star Wars: Empire vs. Rebellion,160964,0,5.97694,6.41016,1.7121,2128,Star Wars: Empire vs. Rebellion,2,2,60,60,60,2014,2,2,8+,Moderate in-game text - needs crib sheet or paste ups,,,,,standalone
Star Wars: X-Wing Miniatures Game,103885,0,7.63139,7.84288,2.4718,56,Star Wars: X-Wing Miniatures Game,2,2,45,45,30,2012,2,2,10+,Moderate in-game text - needs crib sheet or paste ups,,,,,standalone
Steam Park,121410,0,6.66828,6.95821,2.096,655,Steam Park,2,4,60,60,60,2013,"2,3,4",4,10+,Some necessary text - easily memorized or small crib sheet,,,,,standalone
Steampunk Rally,162007,0,6.92399,7.35938,2.5192,413,Steampunk Rally,2,8,60,60,45,2015,"2,3,4,5,6,7","4,5",10+,Some necessary text - easily memorized or small crib sheet,,,,,standalone
Stop Thief!,215312,0,5.96178,7.13643,1.6,2206,Stop Thief!,2,4,60,60,30,2017,"2,3,4",3,8+,Some necessary text - easily memorized or small crib sheet,,,,,standalone
Student Bodies,132799,0,5.62566,6.60269,2.6154,5244,Student Bodies,2,5,90,90,90,2014,"2,3,4,5",4,12+,Moderate in-game text - needs crib sheet or paste ups,,,,,standalone
Summoner Wars,58281,0,6.98212,7.31946,2.3031,353,Summoner Wars,2,4,60,60,30,2009,"2,4",2,8+,Moderate in-game text - needs crib sheet or paste ups,,,,,standalone
Sunny Day,231960,0,0,6.975,1,0,Sunny Day,2,4,30,30,20,2017,"2,3,4","2,3,4",6+,No necessary in-game text,,,,,standalone
Survive: Escape from Atlantis!,2653,0,7.1698,7.32016,1.7117,223,Survive: Escape from Atlantis!,2,4,60,60,45,1982,"2,3,4",4,8+,No necessary in-game text,,,,,standalone
Sushi Draft,144865,0,5.5262,5.72531,1.4118,10011,Sushi Draft,3,5,15,15,15,2012,"3,4,5",5,6+,No necessary in-game text,,,,,standalone
Sushi Go!,133473,0,7.01333,7.12582,1.1702,330,Sushi Go!,2,5,15,15,15,2013,"2,3,4,5",4,6+,No necessary in-game text,,,,,standalone
SUTAKKU,101796,0,5.65146,6.25076,1,4711,SUTAKKU,1,12,15,15,15,2011,"1,2,3,4,5",,8+,No necessary in-game text,,,,,standalone
Sword & Sorcery,170771,0,6.70315,8.31091,3.8621,618,Sword & Sorcery,1,5,90,90,60,2017,"1,2,3,4,5",3,10+,Moderate in-game text - needs crib sheet or paste ups,,,,,standalone
Sylvion,143405,0,6.57211,7.2696,2.0299,768,Sylvion,1,2,30,30,30,2015,"1,2",1,8+,No necessary in-game text,,,,,standalone
Synapse,37319,0,0,6.25,1,0,Synapse,4,24,30,30,30,2008,,,,,,,,,standalone
T.I.M.E Stories,146508,0,7.7222,7.94047,2.6697,41,T.I.M.E Stories,2,4,240,240,90,2015,"3,4",4,14+,Unplayable in another language,,,,,standalone
T.I.M.E Stories: A Prophecy of Dragons,189035,0,7.18719,7.85069,2.6,0,T.I.M.E Stories: A Prophecy of Dragons,2,4,180,180,90,2016,"2,3,4",4,10+,Extensive use of text - massive conversion needed to be playable,,,,,expansion
T.I.M.E Stories: Expedition ?€? Endurance,193527,0,6.56115,7.51778,2.1429,0,T.I.M.E Stories: Expedition ?€? Endurance,2,4,90,90,60,2017,"3,4",4,14+,Extensive use of text - massive conversion needed to be playable,,,,,expansion
T.I.M.E Stories: Lumen Fidei,213099,0,6.36541,7.82548,3.1429,0,T.I.M.E Stories: Lumen Fidei,2,4,90,0,90,2017,"2,3,4","3,4",12+,Extensive use of text - massive conversion needed to be playable,,,,,expansion
T.I.M.E Stories: The Marcy Case,180585,0,7.26463,7.77341,2.5862,0,T.I.M.E Stories: The Marcy Case,2,4,90,90,60,2015,"2,3,4",4,12+,Unplayable in another language,,,,,expansion
T.I.M.E Stories: Under the Mask,189686,0,6.81661,7.5671,2.3158,0,T.I.M.E Stories: Under the Mask,2,4,90,0,90,2016,"2,3,4",4,12+,Unplayable in another language,,,,,expansion
Taboo,1111,0,6.13291,6.2802,1.2325,1628,Taboo,4,10,20,20,20,1989,"4,5,6,7,8,9,10","6,8",10+,Unplayable in another language,,,,,standalone
Taiga,86542,0,5.56488,6.42115,1.1111,7348,Taiga,2,6,15,15,15,2010,,,4,,,,,,standalone
Takenoko,70919,0,7.21019,7.33316,1.9802,196,Takenoko,2,4,45,45,45,2011,"2,3,4",3,8+,No necessary in-game text,,,,,standalone
Takenoko: Chibis,174095,0,6.80537,7.58612,1.8571,0,Takenoko: Chibis,2,4,45,0,45,2015,"2,3,4",3,8+,No necessary in-game text,,,,,expansion
Talat,39406,0,5.6042,6.41164,2,5767,Talat,2,3,33,33,33,2008,"2,3",3,6,No necessary in-game text,,,,,standalone
Tales & Games: The Hare & the Tortoise,130176,0,6.66862,7.17896,1.4444,653,Tales & Games: The Hare & the Tortoise,2,5,20,20,15,2011,"2,3,4,5",4,8+,No necessary in-game text,,,,,standalone
Tales & Games: The Three Little Pigs,135649,0,6.06723,6.53033,1.1579,1825,Tales & Games: The Three Little Pigs,2,5,20,20,20,2013,"2,3,4,5",4,5+,No necessary in-game text,,,,,standalone
Tales of the Arabian Nights,34119,0,7.04137,7.26519,2.1634,306,Tales of the Arabian Nights,1,6,120,120,120,2009,"2,3,4",3,12+,Extensive use of text - massive conversion needed to be playable,,,,,standalone
Targi,118048,0,7.3167,7.60482,2.3849,144,Targi,2,2,60,60,60,2012,2,2,10+,Moderate in-game text - needs crib sheet or paste ups,,,,,standalone
Tatsu,181811,0,5.72333,6.86915,1.6667,3724,Tatsu,2,2,45,45,30,2016,2,2,8+,No necessary in-game text,,,,,standalone
Te Kuiti,149885,0,5.52578,6.14286,1.1429,10053,Te Kuiti,1,2,20,20,20,2015,,,6+,,,,,,standalone
Telepathy: Magic Minds,191374,0,5.59013,6.99779,1.25,6219,Telepathy: Magic Minds,2,2,20,20,10,2016,2,2,10+,No necessary in-game text,,,,,standalone
Telestrations,46213,0,7.18358,7.42688,1.1007,216,Telestrations,4,8,30,30,30,2009,"5,6,7,8",8,8+,Extensive use of text - massive conversion needed to be playable,,,,,standalone
Terraforming Mars,167791,0,8.17327,8.38502,3.2433,5,Terraforming Mars,1,5,120,120,120,2016,"1,2,3,4","3,4",12+,Moderate in-game text - needs crib sheet or paste ups,,,,,standalone
Terraforming Mars: Hellas & Elysium,218127,0,7.02574,8.3636,3.2222,0,Terraforming Mars: Hellas & Elysium,1,5,120,120,90,2017,"1,2,3,4,5","3,4",12+,No necessary in-game text,,,,,expansion
Terraforming Mars: Venus Next,231965,0,6.46571,8.28913,3,0,Terraforming Mars: Venus Next,1,5,120,120,90,2017,"1,2,3,4",4,14+,Extensive use of text - massive conversion needed to be playable,,,,,expansion
That's a Question!,226322,0,5.6093,6.00997,1,5634,That's a Question!,3,6,30,0,30,2017,"4,5,6",6,12+,Extensive use of text - massive conversion needed to be playable,,,,,standalone
This Game is Bonkers!,1943,0,5.52761,5.71108,1.3043,9897,This Game is Bonkers!,2,4,10,10,10,1978,"2,3,4",4,10?€?14,Some necessary text - easily memorized or small crib sheet,,,,,standalone
Three Cheers for Master,175961,0,5.73935,6.46768,1.75,3559,Three Cheers for Master,2,6,40,40,20,2015,"2,3,4,5,6",,10+,No necessary in-game text,,,,,standalone
Tichu,215,0,7.39294,7.60109,2.3438,112,Tichu,4,4,60,60,60,1991,4,4,12+,No necessary in-game text,,,,,standalone
Ticket to Ride,9209,0,7.37257,7.47006,1.8724,118,Ticket to Ride,2,5,60,60,30,2004,"2,3,4,5",4,8+,No necessary in-game text,,,,,standalone
Tides of Madness,195544,0,6.43568,7.05139,1.48,969,Tides of Madness,2,2,20,20,20,2016,2,2,10+,Some necessary text - easily memorized or small crib sheet,,,,,standalone
Tides of Time,176229,0,6.5373,6.77408,1.5962,816,Tides of Time,2,2,20,20,15,2015,2,2,10+,Some necessary text - easily memorized or small crib sheet,,,,,standalone
Tien Zi Que,39710,0,5.60719,6.23303,1.6667,5698,Tien Zi Que,2,2,20,20,20,2009,2,2,,No necessary in-game text,,,,,standalone
Tiki Topple,34373,0,6.02597,6.41905,1.3287,1953,Tiki Topple,2,4,20,20,20,2008,"2,3,4",4,6+,No necessary in-game text,,,,,standalone
Topito,220738,0,5.58719,7.07039,1,6338,Topito,2,4,15,0,15,2017,"2,3,4",3,6+,No necessary in-game text,,,,,standalone
Touch Down!,218609,0,0,6.91667,1,0,Touch Down!,2,4,15,15,15,2017,"2,4","2,4",6+,No necessary in-game text,,,,,standalone
Touch??,2763,0,5.51968,5.65993,1.75,10583,Touch??,2,2,30,30,30,1977,2,2,,,,,,,standalone
Tragedy Looper,148319,0,6.84487,7.34872,3.4533,484,Tragedy Looper,2,4,120,120,120,2011,"2,3,4",4,14+,Moderate in-game text - needs crib sheet or paste ups,,,,,standalone
Treasure Hunter,182189,0,6.31106,6.82845,1.863,1206,Treasure Hunter,2,6,40,40,40,2015,"3,4,5,6",4,8+,No necessary in-game text,,,,,standalone
Treasure Hunter: Expansion 1 ?€? Goblin's Loot,182573,0,5.62079,6.98967,2.2857,0,Treasure Hunter: Expansion 1 ?€? Goblin's Loot,2,6,35,35,20,2015,"3,4,5,6","4,5",6+,No necessary in-game text,,,,,expansion
Triumvirate,53168,0,6.02036,6.76338,1.9524,1973,Triumvirate,2,2,15,15,15,2009,2,2,10+,No necessary in-game text,,,,,standalone
Tsuro,16992,0,6.57578,6.68368,1.2541,763,Tsuro,2,8,15,15,15,2004,"2,3,4,5,6,7,8","4,6",6+,No necessary in-game text,,,,,standalone
Tsuro of the Seas,124172,0,6.35372,6.61229,1.4309,1110,Tsuro of the Seas,2,8,30,30,30,2012,"2,3,4,5,6,7,8",4,6+,No necessary in-game text,,,,,standalone
Tumblin' Monkeys,12826,0,5.45512,5.41109,1,14027,Tumblin' Monkeys,2,4,15,15,15,1999,"2,3,4","3,4",3+,No necessary in-game text,,,,,standalone
Twilight Imperium: Fourth Edition,233078,0,7.36058,9.06483,4.1522,121,Twilight Imperium: Fourth Edition,3,6,480,480,240,2017,"4,5,6",6,14+,Extensive use of text - massive conversion needed to be playable,,,,,standalone
Twilight Imperium: Fourth Edition,233078,0,7.36058,9.06483,4.1522,121,Twilight Imperium: Fourth Edition,3,6,480,480,240,2017,"4,5,6",6,14+,Extensive use of text - massive conversion needed to be playable,,,,,standalone
Tyrants of the Underdark,189932,0,7.06923,7.91999,2.5385,289,Tyrants of the Underdark,2,4,60,60,60,2016,"2,3,4",,12+,Moderate in-game text - needs crib sheet or paste ups,,,,,standalone
Ubongo,16986,0,6.5381,6.74588,1.553,813,Ubongo,1,4,25,25,25,2003,"2,3,4",4,6+,No necessary in-game text,,,,,standalone
Unearth,217085,0,6.24165,7.07797,1.9524,1368,Unearth,2,4,60,60,30,2017,"2,3,4",3,8+,Some necessary text - easily memorized or small crib sheet,,,,,standalone
Unfair,179172,0,6.66207,7.50471,2.6364,660,Unfair,2,5,125,125,50,2017,"2,3,4,5",4,10+,Moderate in-game text - needs crib sheet or paste ups,,,,,standalone
Unicornus Knights,204605,0,5.71856,7.23769,3.5,3770,Unicornus Knights,2,6,90,90,60,2016,"3,4",,,Extensive use of text - massive conversion needed to be playable,,,,,standalone
Unlock! Squeek & Sausage,216092,0,6.38571,7.36542,2.4444,1051,Unlock! Squeek & Sausage,1,6,75,75,45,2017,"1,2,3,4",3,12+,Extensive use of text - massive conversion needed to be playable,,,,,standalone
Unlock! The Formula,216091,0,6.31047,7.18434,2.3333,1209,Unlock! The Formula,1,6,75,75,45,2017,"2,3,4",3,12+,Extensive use of text - massive conversion needed to be playable,,,,,standalone
UNO,2223,0,5.27449,5.34467,1.1304,14840,UNO,2,10,30,30,30,1971,"3,4,5,6,7,8","4,5,6",5+,No necessary in-game text,,,,,standalone
Vegas Showdown,15364,0,6.9372,7.21274,2.3585,396,Vegas Showdown,3,5,75,75,75,2005,"3,4,5",5,10+,Moderate in-game text - needs crib sheet or paste ups,,,,,standalone
Viceroy,157526,0,6.65421,6.98301,2.6257,674,Viceroy,1,4,60,60,45,2014,"2,3,4",3,10+,Moderate in-game text - needs crib sheet or paste ups,,,,,standalone
Village,104006,0,7.40442,7.55701,3.0783,106,Village,2,4,90,90,60,2011,"2,3,4",4,12+,No necessary in-game text,,,,,standalone
VivaJava: The Coffee Game ?€? The Dice Game,139899,0,6.25214,6.82701,1.7391,1348,VivaJava: The Coffee Game ?€? The Dice Game,1,4,40,40,20,2014,"1,2,3,4",3,10+,Some necessary text - easily memorized or small crib sheet,,,,,standalone
Walk the Plank!,35505,0,6.13542,6.63668,1.25,1618,Walk the Plank!,3,5,20,20,20,2013,"3,4,5","4,5",6+,No necessary in-game text,,,,,standalone
"Warhammer 40,000: Conquest",156776,0,6.74913,7.44621,3.0579,582,"Warhammer 40,000: Conquest",2,2,45,45,45,2014,2,2,12+,Extensive use of text - massive conversion needed to be playable,,,,,standalone
"Warhammer 40,000: Conquest",156776,0,6.74913,7.44621,3.0579,582,"Warhammer 40,000: Conquest",2,2,45,45,45,2014,2,2,12+,Extensive use of text - massive conversion needed to be playable,,,,,standalone
Wasabi!,33154,0,6.33511,6.5487,1.9044,1142,Wasabi!,2,4,45,45,30,2008,"2,3,4",3,8+,Some necessary text - easily memorized or small crib sheet,,,,,standalone
Wasteland Express Delivery Service,195560,0,6.37898,7.74049,2.8182,1063,Wasteland Express Delivery Service,2,5,120,120,90,2017,"2,3,4",3,12+,Moderate in-game text - needs crib sheet or paste ups,,,,,standalone
Welcome to the Dungeon,150312,0,6.56415,6.72982,1.2161,776,Welcome to the Dungeon,2,4,30,30,30,2013,"2,3,4",3,8+,Some necessary text - easily memorized or small crib sheet,,,,,standalone
What's It To Ya?,5772,0,5.67548,6.54464,1.2051,4325,What's It To Ya?,3,8,20,20,20,2003,"4,5,6,7,8","5,6",10+,Extensive use of text - massive conversion needed to be playable,,,,,standalone
White Elephant,98857,0,5.48469,5.32732,1,13065,White Elephant,3,7,15,15,15,2011,"3,4,5,6,7","5,6,7",8+,,,,,,standalone
Wits & Wagers,20100,0,6.8279,6.97329,1.2221,496,Wits & Wagers,3,7,25,25,25,2005,"4,5,6,7","6,7",8+,Unplayable in another language,,,,,standalone
World of Warcraft: The Adventure Game,29294,0,5.87096,6.16579,2.5652,2641,World of Warcraft: The Adventure Game,2,4,90,90,90,2008,"2,3,4",4,12+,Extensive use of text - massive conversion needed to be playable,,,,,standalone
World of Warcraft: The Boardgame,17223,0,6.34058,6.62514,3.4975,1136,World of Warcraft: The Boardgame,2,6,180,180,180,2005,"2,4,6",4,12+,Extensive use of text - massive conversion needed to be playable,,,,,standalone
Wrong Chemistry,79068,0,5.66192,6.10146,1.5714,4523,Wrong Chemistry,2,4,30,30,30,2012,"2,3,4",3,8+,No necessary in-game text,,,,,standalone
Wyatt Earp,878,0,6.548,6.87235,1.8421,799,Wyatt Earp,2,4,45,45,30,2001,"2,3,4",3,10+,Moderate in-game text - needs crib sheet or paste ups,,,,,standalone
XCOM: The Board Game,163602,0,6.86392,7.15452,2.9106,470,XCOM: The Board Game,1,4,120,120,60,2015,"2,3,4",4,12+,Extensive use of text - massive conversion needed to be playable,,,,,standalone
Yamata??,213893,0,6.73011,7.32918,2.9437,594,Yamata??,2,4,80,80,40,2017,"2,3,4",2,12+,No necessary in-game text,,,,,standalone
Yamslam,41493,0,5.63273,6.15079,1.2083,5072,Yamslam,2,4,15,15,15,2009,"1,2,3,4",4,6+,Some necessary text - easily memorized or small crib sheet,,,,,standalone
Yardmaster,154634,0,5.98251,6.42365,1.25,2100,Yardmaster,2,5,20,20,20,2014,"2,3,4",3,8+,Some necessary text - easily memorized or small crib sheet,,,,,standalone
Zombicide Season 3: Rue Morgue,161866,0,6.73835,7.69692,2.5161,589,Zombicide Season 3: Rue Morgue,1,12,180,180,60,2015,"1,2,3,4,5,6",3,10+,Some necessary text - easily memorized or small crib sheet,,,,,standalone
Zombie Tower 3D,189829,0,5.60973,6.6923,2,5623,Zombie Tower 3D,3,4,60,60,45,2015,"3,4","3,4",,Some necessary text - easily memorized or small crib sheet,,,,,standalone
Zooloretto: The Dice Game,117942,0,6.06267,6.45784,1.2522,1836,Zooloretto: The Dice Game,2,4,15,15,15,2012,"2,3,4",3,6+,No necessary in-game text,,,,,standalone
